knmp_id,nama_knmp,kabupaten,provinsi,nama_tpi,komoditas,harga_aktual,tanggal,match_type
1,Kayu Batu,Kota Jayapura,PAPUA,,,,,tidak_ada_data
2,"Kp. Mandala, Kel. Mandala",Kota Jayapura,PAPUA,,,,,tidak_ada_data
3,Enggros,Kota Jayapura,PAPUA,,,,,tidak_ada_data
4,"Kp. Biak, Kel. Abepantai",Kota Jayapura,PAPUA,,,,,tidak_ada_data
5,Yakore,Jayapura,PAPUA,,,,,tidak_ada_data
6,Muris Kecil,Jayapura,PAPUA,,,,,tidak_ada_data
7,Demta,Jayapura,PAPUA,,,,,tidak_ada_data
8,Ambora,Jayapura,PAPUA,,,,,tidak_ada_data
9,Tarfia,Jayapura,PAPUA,,,,,tidak_ada_data
10,Meukisi,Jayapura,PAPUA,,,,,tidak_ada_data
11,Maruway,Jayapura,PAPUA,,,,,tidak_ada_data
12,Kendate,Jayapura,PAPUA,,,,,tidak_ada_data
13,Tablasupa,Jayapura,PAPUA,,,,,tidak_ada_data
14,Dormena,Jayapura,PAPUA,,,,,tidak_ada_data
15,Waiya,Jayapura,PAPUA,,,,,tidak_ada_data
16,Yongsu Dosoyo,Jayapura,PAPUA,,,,,tidak_ada_data
17,Tanjung Barari,Biak Numfor,PAPUA,,,,,tidak_ada_data
18,Anggaduber,Biak Numfor,PAPUA,,,,,tidak_ada_data
19,Sawadori,Biak Numfor,PAPUA,,,,,tidak_ada_data
20,Animi,Biak Numfor,PAPUA,,,,,tidak_ada_data
21,Soryar,Biak Numfor,PAPUA,,,,,tidak_ada_data
22,Kornasuren,Biak Numfor,PAPUA,,,,,tidak_ada_data
23,Pyefuri,Biak Numfor,PAPUA,,,,,tidak_ada_data
24,Serbin,Biak Numfor,PAPUA,,,,,tidak_ada_data
25,Mandori,Biak Numfor,PAPUA,,,,,tidak_ada_data
26,Sauribru,Biak Numfor,PAPUA,,,,,tidak_ada_data
27,Saukobye,Biak Numfor,PAPUA,,,,,tidak_ada_data
28,Yobdi,Biak Numfor,PAPUA,,,,,tidak_ada_data
29,Sawai,Biak Numfor,PAPUA,,,,,tidak_ada_data
30,Bosnabraidi,Biak Numfor,PAPUA,,,,,tidak_ada_data
31,Insiri,Biak Numfor,PAPUA,,,,,tidak_ada_data
32,Rarsbari,Biak Numfor,PAPUA,,,,,tidak_ada_data
33,Insusbari,Biak Numfor,PAPUA,,,,,tidak_ada_data
34,Sarwa,Biak Numfor,PAPUA,,,,,tidak_ada_data
35,Waroi,Biak Numfor,PAPUA,,,,,tidak_ada_data
36,Adoki,Biak Numfor,PAPUA,,,,,tidak_ada_data
37,Urfu,Biak Numfor,PAPUA,,,,,tidak_ada_data
38,Inpendi,Biak Numfor,PAPUA,,,,,tidak_ada_data
39,Moiwani,Kepulauan Yapen,PAPUA,,,,,tidak_ada_data
40,Maniri,Kepulauan Yapen,PAPUA,,,,,tidak_ada_data
41,Inowa,Kepulauan Yapen,PAPUA,,,,,tidak_ada_data
42,Miosnum,Kepulauan Yapen,PAPUA,,,,,tidak_ada_data
43,Aibondeni,Kepulauan Yapen,PAPUA,,,,,tidak_ada_data
44,Nurawi,Kepulauan Yapen,PAPUA,,,,,tidak_ada_data
45,Tindaret,Kepulauan Yapen,PAPUA,,,,,tidak_ada_data
46,Sambrawai,Kepulauan Yapen,PAPUA,,,,,tidak_ada_data
47,Mungui,Kepulauan Yapen,PAPUA,,,,,tidak_ada_data
48,Toroa,Kepulauan Yapen,PAPUA,,,,,tidak_ada_data
49,Roipi,Kepulauan Yapen,PAPUA,,,,,tidak_ada_data
50,Ketuapi,Kepulauan Yapen,PAPUA,,,,,tidak_ada_data
51,Rambai,Kepulauan Yapen,PAPUA,,,,,tidak_ada_data
52,Barearip,Kepulauan Yapen,PAPUA,,,,,tidak_ada_data
53,Kurudu,Kepulauan Yapen,PAPUA,,,,,tidak_ada_data
54,Korombobi,Kepulauan Yapen,PAPUA,,,,,tidak_ada_data
55,Fanindi,Supiori,PAPUA,,,,,tidak_ada_data
56,Rayori,Supiori,PAPUA,,,,,tidak_ada_data
57,Waryei,Supiori,PAPUA,,,,,tidak_ada_data
58,Kaptiau,Sarmi,PAPUA,,,,,tidak_ada_data
59,Wakde 1,Sarmi,PAPUA,,,,,tidak_ada_data
60,Holmafen,Sarmi,PAPUA,,,,,tidak_ada_data
61,Armo,Sarmi,PAPUA,,,,,tidak_ada_data
62,Amfira,Sarmi,PAPUA,,,,,tidak_ada_data
63,Webro,Sarmi,PAPUA,,,,,tidak_ada_data
64,Sanggei,Waropen,PAPUA,,,,,tidak_ada_data
65,Nau,Waropen,PAPUA,,,,,tidak_ada_data
66,Somiangga,Waropen,PAPUA,,,,,tidak_ada_data
67,Segha,Waropen,PAPUA,,,,,tidak_ada_data
68,Koweda,Waropen,PAPUA,,,,,tidak_ada_data
69,Odase,Waropen,PAPUA,,,,,tidak_ada_data
70,Wapoga,Waropen,PAPUA,,,,,tidak_ada_data
71,Yoke,Membramo Raya,PAPUA,,,,,tidak_ada_data
72,Poiwai,Membramo Raya,PAPUA,,,,,tidak_ada_data
73,Bariwaro,Membramo Raya,PAPUA,,,,,tidak_ada_data
74,Nadofoai,Membramo Raya,PAPUA,,,,,tidak_ada_data
75,Kumbe,Merauke,PAPUA SELATAN,,,,,tidak_ada_data
76,Sumur Aman,Mappi,PAPUA SELATAN,,,,,tidak_ada_data
77,Mur,Mappi,PAPUA SELATAN,,,,,tidak_ada_data
78,Isyaman,Mappi,PAPUA SELATAN,,,,,tidak_ada_data
79,Wagin,Mappi,PAPUA SELATAN,,,,,tidak_ada_data
80,Kofar,Mappi,PAPUA SELATAN,,,,,tidak_ada_data
81,Bakasai,Asmat,PAPUA SELATAN,,,,,tidak_ada_data
82,Mbait,Asmat,PAPUA SELATAN,,,,,tidak_ada_data
83,Siriwini,Nabire,PAPUA TENGAH,,,,,tidak_ada_data
84,Waenami,Nabire,PAPUA TENGAH,,,,,tidak_ada_data
85,Akudiomi,Nabire,PAPUA TENGAH,,,,,tidak_ada_data
86,Samabusa,Nabire,PAPUA TENGAH,,,,,tidak_ada_data
87,Ipakiye,Paniai,PAPUA TENGAH,,,,,tidak_ada_data
88,Ayuka,Mimika,PAPUA TENGAH,,,,,tidak_ada_data
89,Atukah,Mimika,PAPUA TENGAH,,,,,tidak_ada_data
90,Tiwaka,Mimika,PAPUA TENGAH,,,,,tidak_ada_data
91,Keakwa,Mimika,PAPUA TENGAH,,,,,tidak_ada_data
92,Aikawapuka,Mimika,PAPUA TENGAH,,,,,tidak_ada_data
93,Akapo,Mimika,PAPUA TENGAH,,,,,tidak_ada_data
94,Kiura,Mimika,PAPUA TENGAH,,,,,tidak_ada_data
95,Mimika,Mimika,PAPUA TENGAH,,,,,tidak_ada_data
96,Migiwiya,Mimika,PAPUA TENGAH,,,,,tidak_ada_data
97,Kokonao,Mimika,PAPUA TENGAH,,,,,tidak_ada_data
98,Aburi,Mimika,PAPUA TENGAH,,,,,tidak_ada_data
99,Andamata,Fakfak,PAPUA BARAT,,,,,tidak_ada_data
100,Arguni,Fakfak,PAPUA BARAT,,,,,tidak_ada_data
101,Fior,Fakfak,PAPUA BARAT,,,,,tidak_ada_data
102,Porir,Fakfak,PAPUA BARAT,,,,,tidak_ada_data
103,Taver,Fakfak,PAPUA BARAT,,,,,tidak_ada_data
104,Patipi Pasir,Fakfak,PAPUA BARAT,,,,,tidak_ada_data
105,Wamosan,Fakfak,PAPUA BARAT,,,,,tidak_ada_data
106,Otoweri,Fakfak,PAPUA BARAT,,,,,tidak_ada_data
107,Malakuli,Fakfak,PAPUA BARAT,,,,,tidak_ada_data
108,Ugar,Fakfak,PAPUA BARAT,,,,,tidak_ada_data
109,Kaironi,Manokwari,PAPUA BARAT,,,,,tidak_ada_data
110,Sanggeng,Manokwari,PAPUA BARAT,,,,,tidak_ada_data
111,Muari,Manokwari Selatan,PAPUA BARAT,,,,,tidak_ada_data
112,Yekwandi,Manokwari Selatan,PAPUA BARAT,,,,,tidak_ada_data
113,Coa,Kaimana,PAPUA BARAT,,,,,tidak_ada_data
114,Kelurahan Krooy,Kaimana,PAPUA BARAT,,,,,tidak_ada_data
115,Trikora,Kaimana,PAPUA BARAT,,,,,tidak_ada_data
116,Tanggaromi,Kaimana,PAPUA BARAT,,,,,tidak_ada_data
117,Andaair,Kaimana,PAPUA BARAT,,,,,tidak_ada_data
118,Edor,Kaimana,PAPUA BARAT,,,,,tidak_ada_data
119,Kambala,Kaimana,PAPUA BARAT,,,,,tidak_ada_data
120,Adijaya,Kaimana,PAPUA BARAT,,,,,tidak_ada_data
121,Kruni,Kaimana,PAPUA BARAT,,,,,tidak_ada_data
122,Boiya,Kaimana,PAPUA BARAT,,,,,tidak_ada_data
123,Iriati,Teluk Wondama,PAPUA BARAT,,,,,tidak_ada_data
124,mena,Teluk Wondama,PAPUA BARAT,,,,,tidak_ada_data
125,Yopmeos,Teluk Wondama,PAPUA BARAT,,,,,tidak_ada_data
126,Windesi,Teluk Wondama,PAPUA BARAT,,,,,tidak_ada_data
127,Sidomakmur,Teluk Bintuni,PAPUA BARAT,,,,,tidak_ada_data
128,Nusantara,Teluk Bintuni,PAPUA BARAT,,,,,tidak_ada_data
129,Taroi,Teluk Bintuni,PAPUA BARAT,,,,,tidak_ada_data
130,Kalitami II,Teluk Bintuni,PAPUA BARAT,,,,,tidak_ada_data
131,Bintuni Timur,Teluk Bintuni,PAPUA BARAT,,,,,tidak_ada_data
132,Lilinta,Raja Ampat,PAPUA BARAT DAYA,,,,,tidak_ada_data
133,Magey,Raja Ampat,PAPUA BARAT DAYA,,,,,tidak_ada_data
134,Dabatan,Raja Ampat,PAPUA BARAT DAYA,,,,,tidak_ada_data
135,Foley,Raja Ampat,PAPUA BARAT DAYA,,,,,tidak_ada_data
136,Solal,Raja Ampat,PAPUA BARAT DAYA,,,,,tidak_ada_data
137,Atkari,Raja Ampat,PAPUA BARAT DAYA,,,,,tidak_ada_data
138,Wejim,Raja Ampat,PAPUA BARAT DAYA,,,,,tidak_ada_data
139,Jefman Timur,Raja Ampat,PAPUA BARAT DAYA,,,,,tidak_ada_data
140,Kalwal,Raja Ampat,PAPUA BARAT DAYA,,,,,tidak_ada_data
141,Waibon,Raja Ampat,PAPUA BARAT DAYA,,,,,tidak_ada_data
142,Sakabu,Raja Ampat,PAPUA BARAT DAYA,,,,,tidak_ada_data
143,Wailabu,Raja Ampat,PAPUA BARAT DAYA,,,,,tidak_ada_data
144,Yenanas,Raja Ampat,PAPUA BARAT DAYA,,,,,tidak_ada_data
145,Wailebet,Raja Ampat,PAPUA BARAT DAYA,,,,,tidak_ada_data
146,Yensawai Barat,Raja Ampat,PAPUA BARAT DAYA,,,,,tidak_ada_data
147,Selpel,Raja Ampat,PAPUA BARAT DAYA,,,,,tidak_ada_data
148,Manyaifun,Raja Ampat,PAPUA BARAT DAYA,,,,,tidak_ada_data
149,Waisilip,Raja Ampat,PAPUA BARAT DAYA,,,,,tidak_ada_data
150,Sapokeren,Raja Ampat,PAPUA BARAT DAYA,,,,,tidak_ada_data
151,Urbinasopen,Raja Ampat,PAPUA BARAT DAYA,,,,,tidak_ada_data
152,Puper,Raja Ampat,PAPUA BARAT DAYA,,,,,tidak_ada_data
153,Yesner,Raja Ampat,PAPUA BARAT DAYA,,,,,tidak_ada_data
154,Andey,Raja Ampat,PAPUA BARAT DAYA,,,,,tidak_ada_data
155,Kabare,Raja Ampat,PAPUA BARAT DAYA,,,,,tidak_ada_data
156,Bianci,Raja Ampat,PAPUA BARAT DAYA,,,,,tidak_ada_data
157,Kurkapa,Raja Ampat,PAPUA BARAT DAYA,,,,,tidak_ada_data
158,Bonkawir,Raja Ampat,PAPUA BARAT DAYA,,,,,tidak_ada_data
159,Waisai,Raja Ampat,PAPUA BARAT DAYA,,,,,tidak_ada_data
160,Warsamdin,Raja Ampat,PAPUA BARAT DAYA,,,,,tidak_ada_data
161,Go,Raja Ampat,PAPUA BARAT DAYA,,,,,tidak_ada_data
162,Warkori,Raja Ampat,PAPUA BARAT DAYA,,,,,tidak_ada_data
163,Rauki,Raja Ampat,PAPUA BARAT DAYA,,,,,tidak_ada_data
164,Yenkawir/ Yenkafan,Raja Ampat,PAPUA BARAT DAYA,,,,,tidak_ada_data
165,Meosbekwan,Raja Ampat,PAPUA BARAT DAYA,,,,,tidak_ada_data
166,Rutum,Raja Ampat,PAPUA BARAT DAYA,,,,,tidak_ada_data
167,Mikiran,Raja Ampat,PAPUA BARAT DAYA,,,,,tidak_ada_data
168,Raam,Kota Sorong,PAPUA BARAT DAYA,,,,,tidak_ada_data
169,Dum Barat,Kota Sorong,PAPUA BARAT DAYA,,,,,tidak_ada_data
170,Suprau,Kota Sorong,PAPUA BARAT DAYA,,,,,tidak_ada_data
172,Padang Seurahet,Aceh Barat,ACEH,,,,,tidak_ada_data
173,Kuala Bubon,Aceh Barat,ACEH,,,,,tidak_ada_data
174,Padang Baru,Aceh Barat Daya,ACEH,,,,,tidak_ada_data
175,Darul Ikhsan,Aceh Besar,ACEH,,,,,tidak_ada_data
176,Layeun,Aceh Besar,ACEH,,,,,tidak_ada_data
177,Kareung,Aceh Besar,ACEH,,,,,tidak_ada_data
178,Gugob,Aceh Besar,ACEH,,,,,tidak_ada_data
179,Leungah,Aceh Besar,ACEH,,,,,tidak_ada_data
180,Keude Unga,Aceh Jaya,ACEH,,,,,tidak_ada_data
181,Gle Jong,Aceh Jaya,ACEH,,,,,tidak_ada_data
182,Ujong Sudeun,Aceh Jaya,ACEH,,,,,tidak_ada_data
183,Blang,Aceh Jaya,ACEH,,,,,tidak_ada_data
184,Mata Ie,Aceh Jaya,ACEH,,,,,tidak_ada_data
185,Lhok Timon,Aceh Jaya,ACEH,,,,,tidak_ada_data
186,Darul Ikhsan,Aceh Selatan,ACEH,,,,,tidak_ada_data
187,Pasie Seubadeh,Aceh Selatan,ACEH,,,,,tidak_ada_data
188,Ujong Pulo Rayeuk,Aceh Selatan,ACEH,,,,,tidak_ada_data
189,Indra Damai,Aceh Selatan,ACEH,,,,,tidak_ada_data
190,Paya Peulumat,Aceh Selatan,ACEH,,,,,tidak_ada_data
191,Sawang Indah,Aceh Selatan,ACEH,,,,,tidak_ada_data
192,Labuhan Tarok Ii,Aceh Selatan,ACEH,,,,,tidak_ada_data
193,Kuala Baru Laut,Aceh Singkil,ACEH,,,,,tidak_ada_data
194,Pulau Baguk,Aceh Singkil,ACEH,,,,,tidak_ada_data
195,Teluk Nibung,Aceh Singkil,ACEH,,,,,tidak_ada_data
196,Gosong Telaga Selatan,Aceh Singkil,ACEH,,,,,tidak_ada_data
197,Kuala Pusung Kapal,Aceh Tamiang,ACEH,,,,,tidak_ada_data
198,Lot Kala,Aceh Tengah,ACEH,,,,,tidak_ada_data
199,Kuala,Aceh Timur,ACEH,,,,,tidak_ada_data
200,Geulumpang Sulu Timu,Aceh Utara,ACEH,,,,,tidak_ada_data
201,Kuala Cangkoy,Aceh Utara,ACEH,,,,,tidak_ada_data
202,Ulee Rubek Timu,Aceh Utara,ACEH,,,,,tidak_ada_data
203,Geulumpang Umpung Unou,Aceh Utara,ACEH,,,,,tidak_ada_data
204,Lapang Barat,Bireuen,ACEH,,,,,tidak_ada_data
205,Kuala Ceurape,Bireuen,ACEH,,,,,tidak_ada_data
206,Lancang,Bireuen,ACEH,,,,,tidak_ada_data
207,Matang Pasi,Bireuen,ACEH,,,,,tidak_ada_data
208,Curee Tunong,Bireuen,ACEH,,,,,tidak_ada_data
209,Alue Naga,Kota Banda Aceh,ACEH,,,,,tidak_ada_data
210,Kuala Langsa,Kota Langsa,ACEH,,,,,tidak_ada_data
211,Alue Beurawe,Kota Langsa,ACEH,,,,,tidak_ada_data
212,Pusong Lama,Kota Lhokseumawe,ACEH,,,,,tidak_ada_data
213,Ujong Blang,Kota Lhokseumawe,ACEH,,,,,tidak_ada_data
214,Kuala,Kota Lhokseumawe,ACEH,,,,,tidak_ada_data
215,Jaboi,Kota Sabang,ACEH,,,,,tidak_ada_data
216,Batee Shoek,Kota Sabang,ACEH,,,,,tidak_ada_data
217,Keuneukai,Kota Sabang,ACEH,,,,,tidak_ada_data
218,Kuala Tadu,Nagan Raya,ACEH,,,,,tidak_ada_data
219,Pasi Beurandeh,Pidie,ACEH,,,,,tidak_ada_data
220,Jeumeurang,Pidie,ACEH,,,,,tidak_ada_data
221,Kuala Pidie,Pidie,ACEH,,,,,tidak_ada_data
222,Pasi Rawa,Pidie,ACEH,,,,,tidak_ada_data
223,Blang Raya,Pidie,ACEH,,,,,tidak_ada_data
224,Keurisi Meunasah Beureumbang,Pidie Jaya,ACEH,,,,,tidak_ada_data
225,Meunasah Jurong,Pidie Jaya,ACEH,,,,,tidak_ada_data
226,Amaiteng Mulia,Simeulue,ACEH,,,,,tidak_ada_data
227,Sambay,Simeulue,ACEH,,,,,tidak_ada_data
228,Lebih,Gianyar,BALI,,,,,tidak_ada_data
229,Tulamben,Karangasem,BALI,,,,,tidak_ada_data
230,Antiga Kelod,Karangasem,BALI,,,,,tidak_ada_data
231,Sawarna,Lebak,BANTEN,,,,,tidak_ada_data
232,Cireundeu,Lebak,BANTEN,,,,,tidak_ada_data
233,Muara,Lebak,BANTEN,,,,,tidak_ada_data
234,Banjarmasin,Pandegelang,BANTEN,,,,,tidak_ada_data
235,Panimbangjaya,Pandegelang,BANTEN,,,,,tidak_ada_data
236,Kertamukti,Pandegelang,BANTEN,,,,,tidak_ada_data
237,Sumberjaya,Pandegelang,BANTEN,,,,,tidak_ada_data
238,Lontar,Serang,BANTEN,,,,,tidak_ada_data
239,Tengkurak,Serang,BANTEN,,,,,tidak_ada_data
240,Surya Bahari,Tangerang,BANTEN,,,,,tidak_ada_data
241,Teluk Sepang,Kota Bengkulu,BENGKULU,,,,,tidak_ada_data
242,Pekik Nyaring,Bengkulu Tengah,BENGKULU,,,,,tidak_ada_data
243,Pasar Palik,Bengkulu Utara,BENGKULU,,,,,tidak_ada_data
244,Serangai,Bengkulu Utara,BENGKULU,,,,,tidak_ada_data
245,Pasar Sebelat,Bengkulu Utara,BENGKULU,,,,,tidak_ada_data
246,Pasar Lama,Kaur,BENGKULU,,,,,tidak_ada_data
247,Pasar Ipuh,Mukomuko,BENGKULU,,,,,tidak_ada_data
248,Pasar Bantal,Mukomuko,BENGKULU,,,,,tidak_ada_data
249,Kungkai Baru,Seluma,BENGKULU,,,,,tidak_ada_data
250,Pasar Seluma,Seluma,BENGKULU,,,,,tidak_ada_data
251,Genting Juar,Seluma,BENGKULU,,,,,tidak_ada_data
252,Ketapang Baru,Seluma,BENGKULU,,,,,tidak_ada_data
253,Muara Maras,Seluma,BENGKULU,,,,,tidak_ada_data
254,Jepitu,Gunungkidul,DI YOGYAKARTA,,,,,tidak_ada_data
255,Songbanyu,Gunungkidul,DI YOGYAKARTA,,,,,tidak_ada_data
256,Kanigoro,Gunungkidul,DI YOGYAKARTA,,,,,tidak_ada_data
257,Banjarejo,Gunungkidul,DI YOGYAKARTA,,,,,tidak_ada_data
258,Kemadang,Gunungkidul,DI YOGYAKARTA,,,,,tidak_ada_data
259,Purwodadi,Gunungkidul,DI YOGYAKARTA,,,,,tidak_ada_data
260,Sidoharjo,Gunungkidul,DI YOGYAKARTA,,,,,tidak_ada_data
261,Panggang,Gunungkidul,DI YOGYAKARTA,,,,,tidak_ada_data
262,Patoameme,Boalemo,GORONTALO,,,,,tidak_ada_data
263,Dulupi,Boalemo,GORONTALO,,,,,tidak_ada_data
264,Pentadu Timur,Boalemo,GORONTALO,,,,,tidak_ada_data
265,Tolotio,Bone Bolango,GORONTALO,,,,,tidak_ada_data
266,Huangobotu,Bone Bolango,GORONTALO,,,,,tidak_ada_data
267,Olele,Bone Bolango,GORONTALO,,,,,tidak_ada_data
268,Bongo,Gorontalo,GORONTALO,,,,,tidak_ada_data
269,Lamu,Gorontalo,GORONTALO,,,,,tidak_ada_data
270,Botuboluo,Gorontalo,GORONTALO,,,,,tidak_ada_data
271,Luluo,Gorontalo,GORONTALO,,,,,tidak_ada_data
272,Bulontio Barat,Gorontalo Utara,GORONTALO,,,,,tidak_ada_data
273,Tanjung Kramat,Kota Gorontalo,GORONTALO,,,,,tidak_ada_data
274,Bulili,Pohuwato,GORONTALO,,,,,tidak_ada_data
275,Pohuwato Timur,Pohuwato,GORONTALO,,,,,tidak_ada_data
276,Bumbulan,Pohuwato,GORONTALO,,,,,tidak_ada_data
277,Torosiaje,Pohuwato,GORONTALO,,,,,tidak_ada_data
278,Torosiaje Jaya,Pohuwato,GORONTALO,,,,,tidak_ada_data
279,Lubuk Ruso,Batanghari,JAMBI,,,,,tidak_ada_data
280,Muara Seberang,Tanjung Jabung Barat,JAMBI,,,,,tidak_ada_data
281,Tungkal Ii,Tanjung Jabung Barat,JAMBI,,,,,tidak_ada_data
282,Kuala Simbur,Tanjung Jabung Timur,JAMBI,,,,,tidak_ada_data
283,Pantai Bahagia,Bekasi,JAWA BARAT,,,,,tidak_ada_data
284,Pantai Mekar,Bekasi,JAWA BARAT,,,,,tidak_ada_data
285,Segarajaya,Bekasi,JAWA BARAT,,,,,tidak_ada_data
286,Mande,Cianjur,JAWA BARAT,,,,,tidak_ada_data
287,Citemu,Cirebon,JAWA BARAT,,,,,tidak_ada_data
288,Mundupesisir,Cirebon,JAWA BARAT,,,,,tidak_ada_data
289,Waruduwur,Cirebon,JAWA BARAT,,,,,tidak_ada_data
290,Indralayang,Garut,JAWA BARAT,,,,,tidak_ada_data
291,Sagara,Garut,JAWA BARAT,,,,,tidak_ada_data
292,Pamalayan,Garut,JAWA BARAT,,,,,tidak_ada_data
293,Cijayana,Garut,JAWA BARAT,,,,,tidak_ada_data
294,Pabean Udik,Indramayu,JAWA BARAT,,,,,tidak_ada_data
295,Singaraja,Indramayu,JAWA BARAT,,,,,tidak_ada_data
296,Dadap,Indramayu,JAWA BARAT,,,,,tidak_ada_data
297,Parean Girang,Indramayu,JAWA BARAT,,,,,tidak_ada_data
298,Cemara Kulon,Indramayu,JAWA BARAT,,,,,tidak_ada_data
299,Sukakerta,Karawang,JAWA BARAT,,,,,tidak_ada_data
300,Sungaibuntu,Karawang,JAWA BARAT,,,,,tidak_ada_data
301,Ciparagejaya,Karawang,JAWA BARAT,,,,,tidak_ada_data
302,Kesenden,Kota Cirebon,JAWA BARAT,,,,,tidak_ada_data
303,Lemahwungkuk,Kota Cirebon,JAWA BARAT,,,,,tidak_ada_data
304,Panjunan,Kota Cirebon,JAWA BARAT,,,,,tidak_ada_data
305,Batukaras,Pangandaran,JAWA BARAT,,,,,tidak_ada_data
306,Pamotan,Pangandaran,JAWA BARAT,,,,,tidak_ada_data
307,Rawameneng,Subang,JAWA BARAT,,,,,tidak_ada_data
308,Anggasari,Subang,JAWA BARAT,,,,,tidak_ada_data
309,Purwasedar,Sukabumi,JAWA BARAT,,,,,tidak_ada_data
310,Ujunggenteng,Sukabumi,JAWA BARAT,,,,,tidak_ada_data
311,Cikahuripan,Sukabumi,JAWA BARAT,,,,,tidak_ada_data
312,Pasirbaru,Sukabumi,JAWA BARAT,,,,,tidak_ada_data
313,Cipeundeuy,Sukabumi,JAWA BARAT,,,,,tidak_ada_data
314,Cimanuk,Tasikmalaya,JAWA BARAT,,,,,tidak_ada_data
315,Cikawungading,Tasikmalaya,JAWA BARAT,,,,,tidak_ada_data
316,Klidang Lor,Batang,JAWA TENGAH,,,,,tidak_ada_data
317,Kedungsegog,Batang,JAWA TENGAH,,,,,tidak_ada_data
318,Pulogading,Brebes,JAWA TENGAH,,,,,tidak_ada_data
319,Sawojajar,Brebes,JAWA TENGAH,,,,,tidak_ada_data
320,Jetis,Cilacap,JAWA TENGAH,,,,,tidak_ada_data
321,Betahwalang,Kota Semarang,JAWA TENGAH,,,,,tidak_ada_data
322,Purworejo,Kota Semarang,JAWA TENGAH,,,,,tidak_ada_data
323,Kedung Karang,Kota Semarang,JAWA TENGAH,,,,,tidak_ada_data
324,Parang,Jepara,JAWA TENGAH,,,,,tidak_ada_data
325,Pasir,Kebumen,JAWA TENGAH,,,,,tidak_ada_data
326,Tanggulangin,Kebumen,JAWA TENGAH,,,,,tidak_ada_data
327,Rowo,Kebumen,JAWA TENGAH,,,,,tidak_ada_data
328,Balok,Kendal,JAWA TENGAH,,,,,tidak_ada_data
329,Bandengan,Kendal,JAWA TENGAH,,,,,tidak_ada_data
330,Gempolsewu,Kendal,JAWA TENGAH,,,,,tidak_ada_data
331,Tegalsari,Kota Tegal,JAWA TENGAH,,,,,tidak_ada_data
332,Pecangaan,Pati,JAWA TENGAH,,,,,tidak_ada_data
333,Alasdowo,Pati,JAWA TENGAH,,,,,tidak_ada_data
334,Kembang,Pati,JAWA TENGAH,,,,,tidak_ada_data
335,Kenanti,Pati,JAWA TENGAH,,,,,tidak_ada_data
336,Puncel,Pati,JAWA TENGAH,,,,,tidak_ada_data
337,Tegalombo,Pati,JAWA TENGAH,,,,,tidak_ada_data
338,Bajomulyo,Pati,JAWA TENGAH,,,,,tidak_ada_data
339,Bendar,Pati,JAWA TENGAH,,,,,tidak_ada_data
340,Kedung Pancing,Pati,JAWA TENGAH,,,,,tidak_ada_data
341,Trimulyo,Pati,JAWA TENGAH,,,,,tidak_ada_data
342,Bulumanis Kidul,Pati,JAWA TENGAH,,,,,tidak_ada_data
343,Mustokoharjo,Pati,JAWA TENGAH,,,,,tidak_ada_data
344,Dororejo,Pati,JAWA TENGAH,,,,,tidak_ada_data
345,Kaboromo,Pati,JAWA TENGAH,,,,,tidak_ada_data
346,Sambiroto,Pati,JAWA TENGAH,,,,,tidak_ada_data
347,Kadilangu,Pati,JAWA TENGAH,,,,,tidak_ada_data
348,Kepoh,Pati,JAWA TENGAH,,,,,tidak_ada_data
349,Tluwuk,Pati,JAWA TENGAH,,,,,tidak_ada_data
350,Pecakaran,Pekalongan,JAWA TENGAH,,,,,tidak_ada_data
351,Wonokerto Kulon,Pekalongan,JAWA TENGAH,,,,,tidak_ada_data
352,Sugiwaras,Pemalang,JAWA TENGAH,,,,,tidak_ada_data
353,Nyamplungsari,Pemalang,JAWA TENGAH,,,,,tidak_ada_data
354,Asemdoyong,Pemalang,JAWA TENGAH,,,,,tidak_ada_data
355,Ketapang,Pemalang,JAWA TENGAH,,,,,tidak_ada_data
356,Mojo,Pemalang,JAWA TENGAH,,,,,tidak_ada_data
357,Pasarbanggi,Blora,JAWA TENGAH,,,,,tidak_ada_data
358,Mangkang Kulon,Kota Semarang,JAWA TENGAH,,,,,tidak_ada_data
359,Bojongsana,Tegal,JAWA TENGAH,,,,,tidak_ada_data
360,Suradadi,Tegal,JAWA TENGAH,,,,,tidak_ada_data
361,Klampis Barat,Bangkalan,JAWA TIMUR,,,,,tidak_ada_data
362,Klampis Timur,Bangkalan,JAWA TIMUR,,,,,tidak_ada_data
363,Batah Timur,Bangkalan,JAWA TIMUR,,,,,tidak_ada_data
364,Junganyar,Bangkalan,JAWA TIMUR,,,,,tidak_ada_data
365,Pernajuh,Bangkalan,JAWA TIMUR,,,,,tidak_ada_data
366,Banyusangka,Bangkalan,JAWA TIMUR,,,,,tidak_ada_data
367,Kedungrejo,Banyuwangi,JAWA TIMUR,,,,,tidak_ada_data
368,Tugurejo,Blitar,JAWA TIMUR,,,,,tidak_ada_data
369,Kramat,Gresik,JAWA TIMUR,,,,,tidak_ada_data
370,Campurejo,Gresik,JAWA TIMUR,,,,,tidak_ada_data
371,Dalegan,Gresik,JAWA TIMUR,,,,,tidak_ada_data
372,Dekatagung,Gresik,JAWA TIMUR,,,,,tidak_ada_data
373,Sidogedungbatu,Gresik,JAWA TIMUR,,,,,tidak_ada_data
374,Banyuurip,Gresik,JAWA TIMUR,,,,,tidak_ada_data
375,Sumberrejo,Jember,JAWA TIMUR,,,,,tidak_ada_data
376,Puger Kulon,Jember,JAWA TIMUR,,,,,tidak_ada_data
377,Ngemplakrejo,Kota Pasuruan,JAWA TIMUR,,,,,tidak_ada_data
378,Brondong,Lamongan,JAWA TIMUR,,,,,tidak_ada_data
379,Labuhan,Lamongan,JAWA TIMUR,,,,,tidak_ada_data
380,Tejoasri,Lamongan,JAWA TIMUR,,,,,tidak_ada_data
381,Blimbing,Lamongan,JAWA TIMUR,,,,,tidak_ada_data
382,Kandangsemangkon,Lamongan,JAWA TIMUR,,,,,tidak_ada_data
383,Kranji,Lamongan,JAWA TIMUR,,,,,tidak_ada_data
384,Warulor,Lamongan,JAWA TIMUR,,,,,tidak_ada_data
385,Kedungsalam,Malang,JAWA TIMUR,,,,,tidak_ada_data
386,Sidoasri,Malang,JAWA TIMUR,,,,,tidak_ada_data
387,Tambakrejo,Malang,JAWA TIMUR,,,,,tidak_ada_data
388,Jetak,Pacitan,JAWA TIMUR,,,,,tidak_ada_data
389,Tamberu,Pamekasan,JAWA TIMUR,,,,,tidak_ada_data
390,Padelegan,Pamekasan,JAWA TIMUR,,,,,tidak_ada_data
391,Sotabar,Pamekasan,JAWA TIMUR,,,,,tidak_ada_data
392,Gerongan,Pasuruan,JAWA TIMUR,,,,,tidak_ada_data
393,Kalirejo,Pasuruan,JAWA TIMUR,,,,,tidak_ada_data
394,Mlaten,Pasuruan,JAWA TIMUR,,,,,tidak_ada_data
395,Randuputih,Probolinggo,JAWA TIMUR,,,,,tidak_ada_data
396,Kalibuntu,Probolinggo,JAWA TIMUR,,,,,tidak_ada_data
397,Randutatah,Probolinggo,JAWA TIMUR,,,,,tidak_ada_data
398,Gili Ketapang,Probolinggo,JAWA TIMUR,,,,,tidak_ada_data
399,Pulau Mandangin,Sampang,JAWA TIMUR,,,,,tidak_ada_data
400,Kupang,Sidoarjo,JAWA TIMUR,,,,,tidak_ada_data
401,Wonorejo,Situbondo,JAWA TIMUR,,,,,tidak_ada_data
402,Pesisir,Situbondo,JAWA TIMUR,,,,,tidak_ada_data
403,Ambunten Tengah,Sumenep,JAWA TIMUR,,,,,tidak_ada_data
404,Slopeng,Sumenep,JAWA TIMUR,,,,,tidak_ada_data
405,Bancamara,Sumenep,JAWA TIMUR,,,,,tidak_ada_data
406,Gedugan,Sumenep,JAWA TIMUR,,,,,tidak_ada_data
407,Kramian,Sumenep,JAWA TIMUR,,,,,tidak_ada_data
408,Pasongsongan,Sumenep,JAWA TIMUR,,,,,tidak_ada_data
409,Kedung Cowek,Kota Surabaya,JAWA TIMUR,,,,,tidak_ada_data
410,Nglebeng,Trenggalek,JAWA TIMUR,,,,,tidak_ada_data
411,Karanggandu,Trenggalek,JAWA TIMUR,,,,,tidak_ada_data
412,Kradenan,Tuban,JAWA TIMUR,,,,,tidak_ada_data
413,Gadon,Tuban,JAWA TIMUR,,,,,tidak_ada_data
414,Pabeyan,Tuban,JAWA TIMUR,,,,,tidak_ada_data
415,Karangsari,Tuban,JAWA TIMUR,,,,,tidak_ada_data
416,Pulau Lemukutan,Bengkayang,KALIMANTAN BARAT,,,,,tidak_ada_data
417,Sungai Raya,Bengkayang,KALIMANTAN BARAT,,,,,tidak_ada_data
418,Keliling Semulung,Kapuas Hulu,KALIMANTAN BARAT,,,,,tidak_ada_data
419,Nanga Embaloh,Kapuas Hulu,KALIMANTAN BARAT,,,,,tidak_ada_data
420,Ujung Bayur,Kapuas Hulu,KALIMANTAN BARAT,,,,,tidak_ada_data
421,Nanga Leboyan,Kapuas Hulu,KALIMANTAN BARAT,,,,,tidak_ada_data
422,Nibung,Kapuas Hulu,KALIMANTAN BARAT,,,,,tidak_ada_data
423,Piasak Hilir,Kapuas Hulu,KALIMANTAN BARAT,,,,,tidak_ada_data
424,Piasak Hulu,Kapuas Hulu,KALIMANTAN BARAT,,,,,tidak_ada_data
425,Padang,Kayong Utara,KALIMANTAN BARAT,,,,,tidak_ada_data
426,Pelapis,Kayong Utara,KALIMANTAN BARAT,,,,,tidak_ada_data
427,Dusun Kecil,Kayong Utara,KALIMANTAN BARAT,,,,,tidak_ada_data
428,Suka Baru,Ketapang,KALIMANTAN BARAT,,,,,tidak_ada_data
429,Sungai Awan Kiri,Ketapang,KALIMANTAN BARAT,,,,,tidak_ada_data
430,Kuala,Kota Singkawang,KALIMANTAN BARAT,,,,,tidak_ada_data
431,Sungai Kakap,Kubu Raya,KALIMANTAN BARAT,,,,,tidak_ada_data
432,Hilir Kantor,Landak,KALIMANTAN BARAT,,,,,tidak_ada_data
433,Kuala Secapah,Mempawah,KALIMANTAN BARAT,,,,,tidak_ada_data
434,Lonam,Sambas,KALIMANTAN BARAT,,,,,tidak_ada_data
435,Tanjung Samalantakan,Kotabaru,KALIMANTAN SELATAN,,,,,tidak_ada_data
436,Pulau Kerayaan,Kotabaru,KALIMANTAN SELATAN,,,,,tidak_ada_data
437,Tanjung Seloka,Kotabaru,KALIMANTAN SELATAN,,,,,tidak_ada_data
438,Beringin,Tanah Bumbu,KALIMANTAN SELATAN,,,,,tidak_ada_data
439,Muara Pagatan,Tanah Bumbu,KALIMANTAN SELATAN,,,,,tidak_ada_data
440,Rantau Panjang Hilir,Tanah Bumbu,KALIMANTAN SELATAN,,,,,tidak_ada_data
441,Satui Timur,Tanah Bumbu,KALIMANTAN SELATAN,,,,,tidak_ada_data
442,Setarap,Tanah Bumbu,KALIMANTAN SELATAN,,,,,tidak_ada_data
443,Sungai Cuka,Tanah Bumbu,KALIMANTAN SELATAN,,,,,tidak_ada_data
444,Sungai Dua Laut,Tanah Bumbu,KALIMANTAN SELATAN,,,,,tidak_ada_data
445,Muara Kintap,Tanah Laut,KALIMANTAN SELATAN,,,,,tidak_ada_data
446,Tabanio,Tanah Laut,KALIMANTAN SELATAN,,,,,tidak_ada_data
447,Baru,Barito Selatan,KALIMANTAN TENGAH,,,,,tidak_ada_data
448,Bangkuang,Barito Selatan,KALIMANTAN TENGAH,,,,,tidak_ada_data
449,Janggi,Barito Selatan,KALIMANTAN TENGAH,,,,,tidak_ada_data
450,Sei Pitung,Kapuas,KALIMANTAN TENGAH,,,,,tidak_ada_data
451,Batanjung,Kapuas,KALIMANTAN TENGAH,,,,,tidak_ada_data
452,Palampai,Kapuas,KALIMANTAN TENGAH,,,,,tidak_ada_data
453,Manyahi,Kapuas,KALIMANTAN TENGAH,,,,,tidak_ada_data
454,Selat Hilir,Kapuas,KALIMANTAN TENGAH,,,,,tidak_ada_data
455,Jahanjang,Katingan,KALIMANTAN TENGAH,,,,,tidak_ada_data
456,Sei Ijum Raya,Kotawaringin Timur,KALIMANTAN TENGAH,,,,,tidak_ada_data
457,Batu Kotam,Lamandau,KALIMANTAN TENGAH,,,,,tidak_ada_data
458,Papuyu I,Pulang Pisau,KALIMANTAN TENGAH,,,,,tidak_ada_data
459,Papuyu III,Pulang Pisau,KALIMANTAN TENGAH,,,,,tidak_ada_data
460,Sungai Undang,Seruyan,KALIMANTAN TENGAH,,,,,tidak_ada_data
461,Kuala Jelai,Sukamara,KALIMANTAN TENGAH,,,,,tidak_ada_data
462,Sungai Cabang Barat,Sukamara,KALIMANTAN TENGAH,,,,,tidak_ada_data
463,Sungai Damar,Sukamara,KALIMANTAN TENGAH,,,,,tidak_ada_data
464,Sungai Pasir,Sukamara,KALIMANTAN TENGAH,,,,,tidak_ada_data
465,Sungai Tabuk,Sukamara,KALIMANTAN TENGAH,,,,,tidak_ada_data
466,Biduk Biduk,Berau,KALIMANTAN TIMUR,,,,,tidak_ada_data
467,Buyung Buyung,Berau,KALIMANTAN TIMUR,,,,,tidak_ada_data
468,Berbas Pantai,Kota Bontang,KALIMANTAN TIMUR,,,,,tidak_ada_data
469,Semayang,Kutai Kartanegara,KALIMANTAN TIMUR,,,,,tidak_ada_data
470,Pela,Kutai Kartanegara,KALIMANTAN TIMUR,,,,,tidak_ada_data
471,Sangkuliman,Kutai Kartanegara,KALIMANTAN TIMUR,,,,,tidak_ada_data
472,Kersik,Kutai Kartanegara,KALIMANTAN TIMUR,,,,,tidak_ada_data
473,Jantur Selatan,Kutai Kartanegara,KALIMANTAN TIMUR,,,,,tidak_ada_data
474,Lori,Paser,KALIMANTAN TIMUR,,,,,tidak_ada_data
475,Api-Api,Panajam Paser Utara,KALIMANTAN TIMUR,,,,,tidak_ada_data
476,Harapan Baru,Kota Samarinda,KALIMANTAN TIMUR,,,,,tidak_ada_data
477,Bunyu Barat,Bulungan,KALIMANTAN UTARA,,,,,tidak_ada_data
478,Salimbatu,Bulungan,KALIMANTAN UTARA,,,,,tidak_ada_data
479,Tanah Kuning,Bulungan,KALIMANTAN UTARA,,,,,tidak_ada_data
480,Karang Anyar Pantai,Kota Tarakan,KALIMANTAN UTARA,,,,,tidak_ada_data
481,Sungai Pancang,Nunukan,KALIMANTAN UTARA,,,,,tidak_ada_data
482,Rebo,Bangka,BANGKA BELITUNG,,,,,tidak_ada_data
483,Sungailiat,Bangka,BANGKA BELITUNG,,,,,tidak_ada_data
484,Semulut,Bangka Barat,BANGKA BELITUNG,,,,,tidak_ada_data
485,Air Menduyung,Bangka Barat,BANGKA BELITUNG,,,,,tidak_ada_data
486,Rambat,Bangka Barat,BANGKA BELITUNG,,,,,tidak_ada_data
487,Celagen,Bangka Selatan,BANGKA BELITUNG,,,,,tidak_ada_data
488,Tanjung Sangkar,Bangka Selatan,BANGKA BELITUNG,,,,,tidak_ada_data
489,Tanjung Ketapang,Bangka Selatan,BANGKA BELITUNG,,,,,tidak_ada_data
490,Sadai,Bangka Selatan,BANGKA BELITUNG,,,,,tidak_ada_data
491,Berok,Bangka Tengah,BANGKA BELITUNG,,,,,tidak_ada_data
492,Batu Beriga,Bangka Tengah,BANGKA BELITUNG,,,,,tidak_ada_data
493,Batu Belubang,Bangka Tengah,BANGKA BELITUNG,,,,,tidak_ada_data
494,Pulau Seliu,Belitung,BANGKA BELITUNG,,,,,tidak_ada_data
495,Keciput,Belitung,BANGKA BELITUNG,,,,,tidak_ada_data
496,Baru,Belitung Timur,BANGKA BELITUNG,,,,,tidak_ada_data
497,Air Kepala Tujuh,Kota Pangkal Pinang,BANGKA BELITUNG,,,,,tidak_ada_data
498,Ketapang,Kota Pangkal Pinang,BANGKA BELITUNG,,,,,tidak_ada_data
499,Tanjung Sari,Kota Batam,KEPULAUAN RIAU,,,,,tidak_ada_data
500,Temoyong,Kota Batam,KEPULAUAN RIAU,,,,,tidak_ada_data
501,Karas,Kota Batam,KEPULAUAN RIAU,,,,,tidak_ada_data
502,Ngenang,Kota Batam,KEPULAUAN RIAU,,,,,tidak_ada_data
503,Tanjung Piayu,Kota Batam,KEPULAUAN RIAU,,,,,tidak_ada_data
504,Air Gelubi,Bintan,KEPULAUAN RIAU,,,,,tidak_ada_data
505,Bintan Pesisir,Bintan,KEPULAUAN RIAU,,,,,tidak_ada_data
506,Mapur,Bintan,KEPULAUAN RIAU,,,,,tidak_ada_data
507,Numbing,Bintan,KEPULAUAN RIAU,,,,,tidak_ada_data
508,Malang Rapat,Bintan,KEPULAUAN RIAU,,,,,tidak_ada_data
509,Teluk Bakau,Bintan,KEPULAUAN RIAU,,,,,tidak_ada_data
510,Dendun,Bintan,KEPULAUAN RIAU,,,,,tidak_ada_data
511,Busung,Bintan,KEPULAUAN RIAU,,,,,tidak_ada_data
512,Kuala Sempang,Bintan,KEPULAUAN RIAU,,,,,tidak_ada_data
513,Pangkil,Bintan,KEPULAUAN RIAU,,,,,tidak_ada_data
514,Tembeling Tanjung,Bintan,KEPULAUAN RIAU,,,,,tidak_ada_data
515,Berakit,Bintan,KEPULAUAN RIAU,,,,,tidak_ada_data
516,Pengudang,Bintan,KEPULAUAN RIAU,,,,,tidak_ada_data
517,Semembang,Karimun,KEPULAUAN RIAU,,,,,tidak_ada_data
518,Tanjung Kilang,Karimun,KEPULAUAN RIAU,,,,,tidak_ada_data
519,Telaga Tujuh,Karimun,KEPULAUAN RIAU,,,,,tidak_ada_data
520,Lubuk,Karimun,KEPULAUAN RIAU,,,,,tidak_ada_data
521,Gemuruh,Karimun,KEPULAUAN RIAU,,,,,tidak_ada_data
522,Kundur,Karimun,KEPULAUAN RIAU,,,,,tidak_ada_data
523,Sawang Laut,Karimun,KEPULAUAN RIAU,,,,,tidak_ada_data
524,Sawang Selatan,Karimun,KEPULAUAN RIAU,,,,,tidak_ada_data
525,Teluk Radang,Karimun,KEPULAUAN RIAU,,,,,tidak_ada_data
526,Pauh,Karimun,KEPULAUAN RIAU,,,,,tidak_ada_data
527,Tulang,Karimun,KEPULAUAN RIAU,,,,,tidak_ada_data
528,Sugie,Karimun,KEPULAUAN RIAU,,,,,tidak_ada_data
529,Teluk Uma,Karimun,KEPULAUAN RIAU,,,,,tidak_ada_data
530,Batu Limau,Karimun,KEPULAUAN RIAU,,,,,tidak_ada_data
531,Mampok,Kepulauan Anambas,KEPULAUAN RIAU,,,,,tidak_ada_data
532,Genting Pulur,Kepulauan Anambas,KEPULAUAN RIAU,,,,,tidak_ada_data
533,Kuala Maras,Kepulauan Anambas,KEPULAUAN RIAU,,,,,tidak_ada_data
534,Putik,Kepulauan Anambas,KEPULAUAN RIAU,,,,,tidak_ada_data
535,Pesisir Timur,Kepulauan Anambas,KEPULAUAN RIAU,,,,,tidak_ada_data
536,Air Bini,Kepulauan Anambas,KEPULAUAN RIAU,,,,,tidak_ada_data
537,Telaga,Kepulauan Anambas,KEPULAUAN RIAU,,,,,tidak_ada_data
538,Batu Belah,Kepulauan Anambas,KEPULAUAN RIAU,,,,,tidak_ada_data
539,Munjan,Kepulauan Anambas,KEPULAUAN RIAU,,,,,tidak_ada_data
540,Piasan,Kepulauan Anambas,KEPULAUAN RIAU,,,,,tidak_ada_data
541,Tanjung Kelit,Lingga,KEPULAUAN RIAU,,,,,tidak_ada_data
542,Tanjung Lipat,Lingga,KEPULAUAN RIAU,,,,,tidak_ada_data
543,Benan,Lingga,KEPULAUAN RIAU,,,,,tidak_ada_data
544,Mensanak,Lingga,KEPULAUAN RIAU,,,,,tidak_ada_data
545,Posek,Lingga,KEPULAUAN RIAU,,,,,tidak_ada_data
546,Daik,Lingga,KEPULAUAN RIAU,,,,,tidak_ada_data
547,Mepar,Lingga,KEPULAUAN RIAU,,,,,tidak_ada_data
548,Pekajang,Lingga,KEPULAUAN RIAU,,,,,tidak_ada_data
549,Belungkur,Lingga,KEPULAUAN RIAU,,,,,tidak_ada_data
550,Sungai Pinang,Lingga,KEPULAUAN RIAU,,,,,tidak_ada_data
551,Pancur,Lingga,KEPULAUAN RIAU,,,,,tidak_ada_data
552,Sekanah,Lingga,KEPULAUAN RIAU,,,,,tidak_ada_data
553,Penuba,Lingga,KEPULAUAN RIAU,,,,,tidak_ada_data
554,Penaah,Lingga,KEPULAUAN RIAU,,,,,tidak_ada_data
555,Sungai Buluh,Lingga,KEPULAUAN RIAU,,,,,tidak_ada_data
556,Tinjul,Lingga,KEPULAUAN RIAU,,,,,tidak_ada_data
557,Berlian,Lingga,KEPULAUAN RIAU,,,,,tidak_ada_data
558,Tajur Biru,Lingga,KEPULAUAN RIAU,,,,,tidak_ada_data
559,Temiang,Lingga,KEPULAUAN RIAU,,,,,tidak_ada_data
560,Mekar Jaya,Natuna,KEPULAUAN RIAU,,,,,tidak_ada_data
561,Sedanau,Natuna,KEPULAUAN RIAU,,,,,tidak_ada_data
562,Sepempang,Natuna,KEPULAUAN RIAU,,,,,tidak_ada_data
563,Tanjung,Natuna,KEPULAUAN RIAU,,,,,tidak_ada_data
564,Kelarik,Natuna,KEPULAUAN RIAU,,,,,tidak_ada_data
565,Kelarik Utara,Natuna,KEPULAUAN RIAU,,,,,tidak_ada_data
566,Kadur,Natuna,KEPULAUAN RIAU,,,,,tidak_ada_data
567,Tanjung Pala,Natuna,KEPULAUAN RIAU,,,,,tidak_ada_data
568,Kelarik Barat,Natuna,KEPULAUAN RIAU,,,,,tidak_ada_data
569,Sabang Mawang,Natuna,KEPULAUAN RIAU,,,,,tidak_ada_data
570,Sededap,Natuna,KEPULAUAN RIAU,,,,,tidak_ada_data
571,Pulau Tiga,Natuna,KEPULAUAN RIAU,,,,,tidak_ada_data
572,Selading,Natuna,KEPULAUAN RIAU,,,,,tidak_ada_data
573,Tanjung Kumbik Utara,Natuna,KEPULAUAN RIAU,,,,,tidak_ada_data
574,Batu Berian,Natuna,KEPULAUAN RIAU,,,,,tidak_ada_data
575,Serasan,Natuna,KEPULAUAN RIAU,,,,,tidak_ada_data
576,Batu Belanak,Natuna,KEPULAUAN RIAU,,,,,tidak_ada_data
577,Sei Jang,Kota Tanjung Pinang,KEPULAUAN RIAU,,,,,tidak_ada_data
578,Dompak,Kota Tanjung Pinang,KEPULAUAN RIAU,,,,,tidak_ada_data
579,Tanjungpinang Timur,Kota Tanjung Pinang,KEPULAUAN RIAU,,,,,tidak_ada_data
580,Bugis,Kota Tanjung Pinang,KEPULAUAN RIAU,,,,,tidak_ada_data
581,Senggarang,Kota Tanjung Pinang,KEPULAUAN RIAU,,,,,tidak_ada_data
582,Kangkung,Kota Bandar Lampung,LAMPUNG,,,,,tidak_ada_data
583,Kota Karang Raya,Kota Bandar Lampung,LAMPUNG,,,,,tidak_ada_data
584,Kalianda,Lampung Selatan,LAMPUNG,,,,,tidak_ada_data
585,Sidoasih,Lampung Selatan,LAMPUNG,,,,,tidak_ada_data
586,Muara Gading Mas,Lampung Timur,LAMPUNG,,,,,tidak_ada_data
587,Labuhan Ratu,Lampung Timur,LAMPUNG,,,,,tidak_ada_data
588,Kekatang,Pesawaran,LAMPUNG,,,,,tidak_ada_data
589,Sukarame,Pesawaran,LAMPUNG,,,,,tidak_ada_data
590,Kota Jawa,Pesisir Barat,LAMPUNG,,,,,tidak_ada_data
591,Pasar Kota Krui,Pesisir Barat,LAMPUNG,,,,,tidak_ada_data
592,Penyandingan,Tanggamus,LAMPUNG,,,,,tidak_ada_data
593,Pasar Madang,Tanggamus,LAMPUNG,,,,,tidak_ada_data
594,Talagening,Tanggamus,LAMPUNG,,,,,tidak_ada_data
595,Tanjung Agung,Tanggamus,LAMPUNG,,,,,tidak_ada_data
596,Betung,Tanggamus,LAMPUNG,,,,,tidak_ada_data
597,Karangbrak,Tanggamus,LAMPUNG,,,,,tidak_ada_data
598,Tanjungan,Tanggamus,LAMPUNG,,,,,tidak_ada_data
599,Way Nipah,Tanggamus,LAMPUNG,,,,,tidak_ada_data
600,Karanganyar,Tanggamus,LAMPUNG,,,,,tidak_ada_data
601,Bratasena Adiwarna,Tulang Bawang,LAMPUNG,,,,,tidak_ada_data
602,Bratasena Mandiri,Tulang Bawang,LAMPUNG,,,,,tidak_ada_data
603,Kuala Teladas,Tulang Bawang,LAMPUNG,,,,,tidak_ada_data
604,Bumi Dipasena Abadi,Tulang Bawang,LAMPUNG,,,,,tidak_ada_data
605,Latuhalat,Kota Ambon,MALUKU,,,,,tidak_ada_data
606,Ilath,Buru,MALUKU,,,,,tidak_ada_data
607,Namlea Ilath,Buru,MALUKU,,,,,tidak_ada_data
608,Wamlana,Buru,MALUKU,,,,,tidak_ada_data
609,Namlea,Buru,MALUKU,,,,,tidak_ada_data
610,Kaki Air,Buru,MALUKU,,,,,tidak_ada_data
611,Seith,Buru,MALUKU,,,,,tidak_ada_data
612,Waprea,Buru,MALUKU,,,,,tidak_ada_data
613,Masawoy,Buru Selatan,MALUKU,,,,,tidak_ada_data
614,Nanali,Buru Selatan,MALUKU,,,,,tidak_ada_data
615,Pasir Putih,Buru Selatan,MALUKU,,,,,tidak_ada_data
616,Nalbessy,Buru Selatan,MALUKU,,,,,tidak_ada_data
617,Waetawa,Buru Selatan,MALUKU,,,,,tidak_ada_data
618,Kabalukin,Kepulauan Aru,MALUKU,,,,,tidak_ada_data
619,Kalar-Kalar,Kepulauan Aru,MALUKU,,,,,tidak_ada_data
620,Mesiang,Kepulauan Aru,MALUKU,,,,,tidak_ada_data
621,Foket,Kepulauan Aru,MALUKU,,,,,tidak_ada_data
622,Kabalsiang,Kepulauan Aru,MALUKU,,,,,tidak_ada_data
623,Galay Dubu,Kepulauan Aru,MALUKU,,,,,tidak_ada_data
624,Siwa Lima,Kepulauan Aru,MALUKU,,,,,tidak_ada_data
625,Wangel,Kepulauan Aru,MALUKU,,,,,tidak_ada_data
626,Kilmasa,Maluku Tenggara Barat (Kepulauan Tanimbar),MALUKU,,,,,tidak_ada_data
627,Meyano Das,Maluku Tenggara Barat (Kepulauan Tanimbar),MALUKU,,,,,tidak_ada_data
628,Adaut,Maluku Tenggara Barat (Kepulauan Tanimbar),MALUKU,,,,,tidak_ada_data
629,Latdalam,Maluku Tenggara Barat (Kepulauan Tanimbar),MALUKU,,,,,tidak_ada_data
630,Lauran,Maluku Tenggara Barat (Kepulauan Tanimbar),MALUKU,,,,,tidak_ada_data
631,Matakus,Maluku Tenggara Barat (Kepulauan Tanimbar),MALUKU,,,,,tidak_ada_data
632,Olilit Raya,Maluku Tenggara Barat (Kepulauan Tanimbar),MALUKU,,,,,tidak_ada_data
633,Saumlaki,Maluku Tenggara Barat (Kepulauan Tanimbar),MALUKU,,,,,tidak_ada_data
634,Lelingluan,Maluku Tenggara Barat (Kepulauan Tanimbar),MALUKU,,,,,tidak_ada_data
635,Ritabel,Maluku Tenggara Barat (Kepulauan Tanimbar),MALUKU,,,,,tidak_ada_data
636,Kamatubun,Maluku Tenggara Barat (Kepulauan Tanimbar),MALUKU,,,,,tidak_ada_data
637,Teineman,Maluku Tenggara Barat (Kepulauan Tanimbar),MALUKU,,,,,tidak_ada_data
638,Hukurila,Kota Ambon,MALUKU,,,,,tidak_ada_data
639,Hutumury,Kota Ambon,MALUKU,,,,,tidak_ada_data
640,Leahari,Kota Ambon,MALUKU,,,,,tidak_ada_data
641,Rutong,Kota Ambon,MALUKU,,,,,tidak_ada_data
642,Nusaniwe,Kota Ambon,MALUKU,,,,,tidak_ada_data
643,Seilale,Kota Ambon,MALUKU,,,,,tidak_ada_data
644,Urimessing,Kota Ambon,MALUKU,,,,,tidak_ada_data
645,Batu Merah,Kota Ambon,MALUKU,,,,,tidak_ada_data
646,Hative Besar,Kota Ambon,MALUKU,,,,,tidak_ada_data
647,Laha,Kota Ambon,MALUKU,,,,,tidak_ada_data
648,Taar,Kota Tual,MALUKU,,,,,tidak_ada_data
649,Tual,Kota Tual,MALUKU,,,,,tidak_ada_data
650,Dullah Laut,Kota Tual,MALUKU,,,,,tidak_ada_data
651,Fiditan,Kota Tual,MALUKU,,,,,tidak_ada_data
652,Tamedan,Kota Tual,MALUKU,,,,,tidak_ada_data
653,Tayando Langgiar,Kota Tual,MALUKU,,,,,tidak_ada_data
654,Tayando Yamtel,Kota Tual,MALUKU,,,,,tidak_ada_data
655,Wonreli,Maluku Barat Daya,MALUKU,,,,,tidak_ada_data
656,Tounwawan,Maluku Barat Daya,MALUKU,,,,,tidak_ada_data
657,Nuwewang,Maluku Barat Daya,MALUKU,,,,,tidak_ada_data
658,Klis,Maluku Barat Daya,MALUKU,,,,,tidak_ada_data
659,Rutah,Maluku Tengah,MALUKU,,,,,tidak_ada_data
660,Soahuku,Maluku Tengah,MALUKU,,,,,tidak_ada_data
661,Yainuelo,Maluku Tengah,MALUKU,,,,,tidak_ada_data
662,Kampung Baru,Maluku Tengah,MALUKU,,,,,tidak_ada_data
663,Selamon,Maluku Tengah,MALUKU,,,,,tidak_ada_data
664,Ampera,Maluku Tengah,MALUKU,,,,,tidak_ada_data
665,Asilulu,Maluku Tengah,MALUKU,,,,,tidak_ada_data
666,Hila,Maluku Tengah,MALUKU,,,,,tidak_ada_data
667,Hitumessing,Maluku Tengah,MALUKU,,,,,tidak_ada_data
668,Kaitetu,Maluku Tengah,MALUKU,,,,,tidak_ada_data
669,Morella,Maluku Tengah,MALUKU,,,,,tidak_ada_data
670,Negeri Lima,Maluku Tengah,MALUKU,,,,,tidak_ada_data
671,Ureng,Maluku Tengah,MALUKU,,,,,tidak_ada_data
672,Allang,Maluku Tengah,MALUKU,,,,,tidak_ada_data
673,Larike,Maluku Tengah,MALUKU,,,,,tidak_ada_data
674,Wakasihu,Maluku Tengah,MALUKU,,,,,tidak_ada_data
675,Oma,Maluku Tengah,MALUKU,,,,,tidak_ada_data
676,Pelauw,Maluku Tengah,MALUKU,,,,,tidak_ada_data
677,Liang,Maluku Tengah,MALUKU,,,,,tidak_ada_data
678,Tengah Tengah,Maluku Tengah,MALUKU,,,,,tidak_ada_data
679,Tial,Maluku Tengah,MALUKU,,,,,tidak_ada_data
680,Tulehu,Maluku Tengah,MALUKU,,,,,tidak_ada_data
681,Waai,Maluku Tengah,MALUKU,,,,,tidak_ada_data
682,Haria,Maluku Tengah,MALUKU,,,,,tidak_ada_data
683,Noloth,Maluku Tengah,MALUKU,,,,,tidak_ada_data
684,Siri Sori Islam,Maluku Tengah,MALUKU,,,,,tidak_ada_data
685,Besi,Maluku Tengah,MALUKU,,,,,tidak_ada_data
686,Parigi,Maluku Tengah,MALUKU,,,,,tidak_ada_data
687,Sawai,Maluku Tengah,MALUKU,,,,,tidak_ada_data
688,Wahai,Maluku Tengah,MALUKU,,,,,tidak_ada_data
689,Gale-Gale,Maluku Tengah,MALUKU,,,,,tidak_ada_data
690,Labuan,Maluku Tengah,MALUKU,,,,,tidak_ada_data
691,Pasanea,Maluku Tengah,MALUKU,,,,,tidak_ada_data
692,Tehoru,Maluku Tengah,MALUKU,,,,,tidak_ada_data
693,Watuar,Maluku Tenggara,MALUKU,,,,,tidak_ada_data
694,Sather,Maluku Tenggara,MALUKU,,,,,tidak_ada_data
695,Watkidat,Maluku Tenggara,MALUKU,,,,,tidak_ada_data
696,Hoor Kristen,Maluku Tenggara,MALUKU,,,,,tidak_ada_data
697,Dudunwahan,Maluku Tenggara,MALUKU,,,,,tidak_ada_data
698,Sare,Maluku Tenggara,MALUKU,,,,,tidak_ada_data
699,Selayar,Maluku Tenggara,MALUKU,,,,,tidak_ada_data
700,Latu,Seram Bagian Barat,MALUKU,,,,,tidak_ada_data
701,Rumahkay,Seram Bagian Barat,MALUKU,,,,,tidak_ada_data
702,Iha,Seram Bagian Barat,MALUKU,,,,,tidak_ada_data
703,Lokki,Seram Bagian Barat,MALUKU,,,,,tidak_ada_data
704,Luhu,Seram Bagian Barat,MALUKU,,,,,tidak_ada_data
705,Buano Selatan,Seram Bagian Barat,MALUKU,,,,,tidak_ada_data
706,Buano Utara,Seram Bagian Barat,MALUKU,,,,,tidak_ada_data
707,Sole,Seram Bagian Barat,MALUKU,,,,,tidak_ada_data
708,Tahalupu,Seram Bagian Barat,MALUKU,,,,,tidak_ada_data
709,Tonu Jaya,Seram Bagian Barat,MALUKU,,,,,tidak_ada_data
710,Waesala,Seram Bagian Barat,MALUKU,,,,,tidak_ada_data
711,Kairatu,Seram Bagian Barat,MALUKU,,,,,tidak_ada_data
712,Kamarian,Seram Bagian Barat,MALUKU,,,,,tidak_ada_data
713,Kamal,Seram Bagian Barat,MALUKU,,,,,tidak_ada_data
714,Kelang Asaude,Seram Bagian Barat,MALUKU,,,,,tidak_ada_data
715,Luhutuban,Seram Bagian Barat,MALUKU,,,,,tidak_ada_data
716,Tuniwara,Seram Bagian Barat,MALUKU,,,,,tidak_ada_data
717,Eti,Seram Bagian Barat,MALUKU,,,,,tidak_ada_data
718,Kaibobo,Seram Bagian Barat,MALUKU,,,,,tidak_ada_data
719,Kawa,Seram Bagian Barat,MALUKU,,,,,tidak_ada_data
720,Piru,Seram Bagian Barat,MALUKU,,,,,tidak_ada_data
721,Kasieh,Seram Bagian Barat,MALUKU,,,,,tidak_ada_data
722,Sukaraja,Seram Bagian Barat,MALUKU,,,,,tidak_ada_data
723,Bula,Seram Bagian Timur,MALUKU,,,,,tidak_ada_data
724,Englas,Seram Bagian Timur,MALUKU,,,,,tidak_ada_data
725,Sesar,Seram Bagian Timur,MALUKU,,,,,tidak_ada_data
726,Lahema,Seram Bagian Timur,MALUKU,,,,,tidak_ada_data
727,Kilga Kilwouw,Seram Bagian Timur,MALUKU,,,,,tidak_ada_data
728,Amarsekaru,Seram Bagian Timur,MALUKU,,,,,tidak_ada_data
729,Kataloka,Seram Bagian Timur,MALUKU,,,,,tidak_ada_data
730,Kulugowa,Seram Bagian Timur,MALUKU,,,,,tidak_ada_data
731,Geser,Seram Bagian Timur,MALUKU,,,,,tidak_ada_data
732,Kiltay,Seram Bagian Timur,MALUKU,,,,,tidak_ada_data
733,Kilwaru,Seram Bagian Timur,MALUKU,,,,,tidak_ada_data
734,Kwamor Kecil Mata Wawa,Seram Bagian Timur,MALUKU,,,,,tidak_ada_data
735,Karlokin,Seram Bagian Timur,MALUKU,,,,,tidak_ada_data
736,Bemo Perak,Seram Bagian Timur,MALUKU,,,,,tidak_ada_data
737,Tongute Ternate,Halmahera Barat,MALUKU UTARA,,,,,tidak_ada_data
738,Saria,Halmahera Barat,MALUKU UTARA,,,,,tidak_ada_data
739,Soakonora,Halmahera Barat,MALUKU UTARA,,,,,tidak_ada_data
740,Todowongi,Halmahera Barat,MALUKU UTARA,,,,,tidak_ada_data
741,Tuada,Halmahera Barat,MALUKU UTARA,,,,,tidak_ada_data
742,Sidangoli Dehe,Halmahera Barat,MALUKU UTARA,,,,,tidak_ada_data
743,Toniku,Halmahera Barat,MALUKU UTARA,,,,,tidak_ada_data
744,Jarakore,Halmahera Barat,MALUKU UTARA,,,,,tidak_ada_data
745,Amasing Kota,Halmahera Selatan,MALUKU UTARA,,,,,tidak_ada_data
746,Amasing Kota Barat,Halmahera Selatan,MALUKU UTARA,,,,,tidak_ada_data
747,Amasing Kota Utara,Halmahera Selatan,MALUKU UTARA,,,,,tidak_ada_data
748,Labuha,Halmahera Selatan,MALUKU UTARA,,,,,tidak_ada_data
749,Indari,Halmahera Selatan,MALUKU UTARA,,,,,tidak_ada_data
750,Panamboang,Halmahera Selatan,MALUKU UTARA,,,,,tidak_ada_data
751,Pigaraja,Halmahera Selatan,MALUKU UTARA,,,,,tidak_ada_data
752,Silang,Halmahera Selatan,MALUKU UTARA,,,,,tidak_ada_data
753,Bibinoi,Halmahera Selatan,MALUKU UTARA,,,,,tidak_ada_data
754,Bajo,Halmahera Selatan,MALUKU UTARA,,,,,tidak_ada_data
755,Kampung Baru,Halmahera Selatan,MALUKU UTARA,,,,,tidak_ada_data
756,Koititi,Halmahera Selatan,MALUKU UTARA,,,,,tidak_ada_data
757,Dowora,Halmahera Selatan,MALUKU UTARA,,,,,tidak_ada_data
758,Maffa,Halmahera Selatan,MALUKU UTARA,,,,,tidak_ada_data
759,Matuting,Halmahera Selatan,MALUKU UTARA,,,,,tidak_ada_data
760,Bokimiake,Halmahera Selatan,MALUKU UTARA,,,,,tidak_ada_data
761,Laluin,Halmahera Selatan,MALUKU UTARA,,,,,tidak_ada_data
762,Posi-Posi,Halmahera Selatan,MALUKU UTARA,,,,,tidak_ada_data
763,Gonone,Halmahera Selatan,MALUKU UTARA,,,,,tidak_ada_data
764,Kukupang,Halmahera Selatan,MALUKU UTARA,,,,,tidak_ada_data
765,Pulau Gala,Halmahera Selatan,MALUKU UTARA,,,,,tidak_ada_data
766,Tawabi,Halmahera Selatan,MALUKU UTARA,,,,,tidak_ada_data
767,Lele,Halmahera Selatan,MALUKU UTARA,,,,,tidak_ada_data
768,Waya,Halmahera Selatan,MALUKU UTARA,,,,,tidak_ada_data
769,Baru,Halmahera Selatan,MALUKU UTARA,,,,,tidak_ada_data
770,Jikotamo,Halmahera Selatan,MALUKU UTARA,,,,,tidak_ada_data
771,Mano,Halmahera Selatan,MALUKU UTARA,,,,,tidak_ada_data
772,Soligi,Halmahera Selatan,MALUKU UTARA,,,,,tidak_ada_data
773,Madapolo,Halmahera Selatan,MALUKU UTARA,,,,,tidak_ada_data
774,Madapolo Barat,Halmahera Selatan,MALUKU UTARA,,,,,tidak_ada_data
775,Madapolo Timur,Halmahera Selatan,MALUKU UTARA,,,,,tidak_ada_data
776,Loleo,Halmahera Tengah,MALUKU UTARA,,,,,tidak_ada_data
777,Maba Sangaji,Halmahera Timur,MALUKU UTARA,,,,,tidak_ada_data
778,Soagimalaha,Halmahera Timur,MALUKU UTARA,,,,,tidak_ada_data
779,Gotowasi,Halmahera Timur,MALUKU UTARA,,,,,tidak_ada_data
780,Kasuba,Halmahera Timur,MALUKU UTARA,,,,,tidak_ada_data
781,Momole,Halmahera Timur,MALUKU UTARA,,,,,tidak_ada_data
782,Sil,Halmahera Timur,MALUKU UTARA,,,,,tidak_ada_data
783,Jara-Jara,Halmahera Timur,MALUKU UTARA,,,,,tidak_ada_data
784,Lolasita,Halmahera Timur,MALUKU UTARA,,,,,tidak_ada_data
785,Patlean,Halmahera Timur,MALUKU UTARA,,,,,tidak_ada_data
786,Mekarsari,Halmahera Timur,MALUKU UTARA,,,,,tidak_ada_data
787,Subaim,Halmahera Timur,MALUKU UTARA,,,,,tidak_ada_data
788,Saramaake,Halmahera Timur,MALUKU UTARA,,,,,tidak_ada_data
789,Majiko Tongone,Halmahera Timur,MALUKU UTARA,,,,,tidak_ada_data
790,Kusu Lofra,Halmahera Utara,MALUKU UTARA,,,,,tidak_ada_data
791,Bobale,Halmahera Utara,MALUKU UTARA,,,,,tidak_ada_data
792,Dama,Halmahera Utara,MALUKU UTARA,,,,,tidak_ada_data
793,Leleoto,Halmahera Utara,MALUKU UTARA,,,,,tidak_ada_data
794,Wosia,Halmahera Utara,MALUKU UTARA,,,,,tidak_ada_data
795,Tolonuo,Halmahera Utara,MALUKU UTARA,,,,,tidak_ada_data
796,Lelyaba,Kepulauan Sula,MALUKU UTARA,,,,,tidak_ada_data
797,Falabisahaya,Kepulauan Sula,MALUKU UTARA,,,,,tidak_ada_data
798,Kawata,Kepulauan Sula,MALUKU UTARA,,,,,tidak_ada_data
799,Waisum,Kepulauan Sula,MALUKU UTARA,,,,,tidak_ada_data
800,Mangon,Kepulauan Sula,MALUKU UTARA,,,,,tidak_ada_data
801,Kabau Darat,Kepulauan Sula,MALUKU UTARA,,,,,tidak_ada_data
802,Kabau Pantai,Kepulauan Sula,MALUKU UTARA,,,,,tidak_ada_data
803,Waigai,Kepulauan Sula,MALUKU UTARA,,,,,tidak_ada_data
804,Bega,Kepulauan Sula,MALUKU UTARA,,,,,tidak_ada_data
805,Waiboga,Kepulauan Sula,MALUKU UTARA,,,,,tidak_ada_data
806,Dufa-Dufa,Kota Ternate,MALUKU UTARA,,,,,tidak_ada_data
807,Jambula,Kota Ternate,MALUKU UTARA,,,,,tidak_ada_data
808,Rua,Kota Ternate,MALUKU UTARA,,,,,tidak_ada_data
809,Tadupi,Kota Tidore Kepulauan,MALUKU UTARA,,,,,tidak_ada_data
810,Guraping,Kota Tidore Kepulauan,MALUKU UTARA,,,,,tidak_ada_data
811,Gamtufkange,Kota Tidore Kepulauan,MALUKU UTARA,,,,,tidak_ada_data
812,Goto,Kota Tidore Kepulauan,MALUKU UTARA,,,,,tidak_ada_data
813,Soasio,Kota Tidore Kepulauan,MALUKU UTARA,,,,,tidak_ada_data
814,Dokiri,Kota Tidore Kepulauan,MALUKU UTARA,,,,,tidak_ada_data
815,Gurabati,Kota Tidore Kepulauan,MALUKU UTARA,,,,,tidak_ada_data
816,Toloa,Kota Tidore Kepulauan,MALUKU UTARA,,,,,tidak_ada_data
817,Tomalou,Kota Tidore Kepulauan,MALUKU UTARA,,,,,tidak_ada_data
818,Cobodoe,Kota Tidore Kepulauan,MALUKU UTARA,,,,,tidak_ada_data
819,Doyado,Kota Tidore Kepulauan,MALUKU UTARA,,,,,tidak_ada_data
820,Mafututu,Kota Tidore Kepulauan,MALUKU UTARA,,,,,tidak_ada_data
821,Maitara Selatan,Kota Tidore Kepulauan,MALUKU UTARA,,,,,tidak_ada_data
822,Mareku,Kota Tidore Kepulauan,MALUKU UTARA,,,,,tidak_ada_data
823,Juanga,Kepulauan Morotai,MALUKU UTARA,,,,,tidak_ada_data
824,Koloray,Kepulauan Morotai,MALUKU UTARA,,,,,tidak_ada_data
825,Cucumare,Kepulauan Morotai,MALUKU UTARA,,,,,tidak_ada_data
826,Tiley,Kepulauan Morotai,MALUKU UTARA,,,,,tidak_ada_data
827,Wayabula,Kepulauan Morotai,MALUKU UTARA,,,,,tidak_ada_data
828,Jorjoga,Pulau Taliabu,MALUKU UTARA,,,,,tidak_ada_data
829,Limbo,Pulau Taliabu,MALUKU UTARA,,,,,tidak_ada_data
830,Pancoran,Pulau Taliabu,MALUKU UTARA,,,,,tidak_ada_data
831,Talo,Pulau Taliabu,MALUKU UTARA,,,,,tidak_ada_data
832,Wayo,Pulau Taliabu,MALUKU UTARA,,,,,tidak_ada_data
833,Kasango,Pulau Taliabu,MALUKU UTARA,,,,,tidak_ada_data
834,Rompo,Bima,NUSA TENGGARA BARAT,,,,,tidak_ada_data
835,Kire,Bima,NUSA TENGGARA BARAT,,,,,tidak_ada_data
836,Lamere,Bima,NUSA TENGGARA BARAT,,,,,tidak_ada_data
837,Mbawi,Dompu,NUSA TENGGARA BARAT,,,,,tidak_ada_data
838,Hu'U,Dompu,NUSA TENGGARA BARAT,,,,,tidak_ada_data
839,Soro,Dompu,NUSA TENGGARA BARAT,,,,,tidak_ada_data
840,Tolokalo,Dompu,NUSA TENGGARA BARAT,,,,,tidak_ada_data
841,Karama,Dompu,NUSA TENGGARA BARAT,,,,,tidak_ada_data
842,Malaju,Dompu,NUSA TENGGARA BARAT,,,,,tidak_ada_data
843,Kwangko,Dompu,NUSA TENGGARA BARAT,,,,,tidak_ada_data
844,Jambu,Dompu,NUSA TENGGARA BARAT,,,,,tidak_ada_data
845,Nangamiro,Dompu,NUSA TENGGARA BARAT,,,,,tidak_ada_data
846,Pekat,Dompu,NUSA TENGGARA BARAT,,,,,tidak_ada_data
847,Bara,Dompu,NUSA TENGGARA BARAT,,,,,tidak_ada_data
848,Mumbu,Dompu,NUSA TENGGARA BARAT,,,,,tidak_ada_data
849,Kolo,Kota Bima,NUSA TENGGARA BARAT,,,,,tidak_ada_data
850,Tanjung,Kota Bima,NUSA TENGGARA BARAT,,,,,tidak_ada_data
851,Taman Ayu,Lombok Barat,NUSA TENGGARA BARAT,,,,,tidak_ada_data
852,Kuranji Dalang,Lombok Barat,NUSA TENGGARA BARAT,,,,,tidak_ada_data
853,Lembar Selatan,Lombok Barat,NUSA TENGGARA BARAT,,,,,tidak_ada_data
854,Gili Gede Indah,Lombok Barat,NUSA TENGGARA BARAT,,,,,tidak_ada_data
855,Kidang,Lombok Tengah,NUSA TENGGARA BARAT,,,,,tidak_ada_data
856,Tanjung Luar,Lombok Timur,NUSA TENGGARA BARAT,,,,,tidak_ada_data
857,Labuhan Mapin,Sumbawa,NUSA TENGGARA BARAT,,,,,tidak_ada_data
858,Gapit,Sumbawa,NUSA TENGGARA BARAT,,,,,tidak_ada_data
859,Labuhan Kuris,Sumbawa,NUSA TENGGARA BARAT,,,,,tidak_ada_data
860,Teluk Santong,Sumbawa,NUSA TENGGARA BARAT,,,,,tidak_ada_data
861,Labuhan Jambu,Sumbawa,NUSA TENGGARA BARAT,,,,,tidak_ada_data
862,Labuhan Bajo,Sumbawa,NUSA TENGGARA BARAT,,,,,tidak_ada_data
863,Poto Tano,Sumbawa Barat,NUSA TENGGARA BARAT,,,,,tidak_ada_data
864,Alor Kecil,Alor,NUSA TENGGARA TIMUR,,,,,tidak_ada_data
865,Pulau Buaya,Alor,NUSA TENGGARA TIMUR,,,,,tidak_ada_data
866,Ternate,Alor,NUSA TENGGARA TIMUR,,,,,tidak_ada_data
867,Ternate Selatan,Alor,NUSA TENGGARA TIMUR,,,,,tidak_ada_data
868,Alila Timur,Alor,NUSA TENGGARA TIMUR,,,,,tidak_ada_data
869,Kabola,Alor,NUSA TENGGARA TIMUR,,,,,tidak_ada_data
870,Kabir,Alor,NUSA TENGGARA TIMUR,,,,,tidak_ada_data
871,Munaseli,Alor,NUSA TENGGARA TIMUR,,,,,tidak_ada_data
872,Delaki,Alor,NUSA TENGGARA TIMUR,,,,,tidak_ada_data
873,Toang,Alor,NUSA TENGGARA TIMUR,,,,,tidak_ada_data
874,Tereweng,Alor,NUSA TENGGARA TIMUR,,,,,tidak_ada_data
875,Kalabahi Barat,Alor,NUSA TENGGARA TIMUR,,,,,tidak_ada_data
876,Waesae,Ngada,NUSA TENGGARA TIMUR,,,,,tidak_ada_data
877,Dualaus,Belu,NUSA TENGGARA TIMUR,,,,,tidak_ada_data
878,Jenilu,Belu,NUSA TENGGARA TIMUR,,,,,tidak_ada_data
879,Kenebibi,Belu,NUSA TENGGARA TIMUR,,,,,tidak_ada_data
880,Silawan,Belu,NUSA TENGGARA TIMUR,,,,,tidak_ada_data
881,Tetandara,Ende,NUSA TENGGARA TIMUR,,,,,tidak_ada_data
882,Sagu,Flores Timur,NUSA TENGGARA TIMUR,,,,,tidak_ada_data
883,Duanur,Flores Timur,NUSA TENGGARA TIMUR,,,,,tidak_ada_data
884,Lamahala Jaya,Flores Timur,NUSA TENGGARA TIMUR,,,,,tidak_ada_data
885,Terong,Flores Timur,NUSA TENGGARA TIMUR,,,,,tidak_ada_data
886,Waiburak,Flores Timur,NUSA TENGGARA TIMUR,,,,,tidak_ada_data
887,Nobo,Flores Timur,NUSA TENGGARA TIMUR,,,,,tidak_ada_data
888,Lewolere,Flores Timur,NUSA TENGGARA TIMUR,,,,,tidak_ada_data
889,Labelen,Flores Timur,NUSA TENGGARA TIMUR,,,,,tidak_ada_data
890,Alak,Kota Kupang,NUSA TENGGARA TIMUR,,,,,tidak_ada_data
891,Namosain,Kota Kupang,NUSA TENGGARA TIMUR,,,,,tidak_ada_data
892,Nunbaun Delha,Kota Kupang,NUSA TENGGARA TIMUR,,,,,tidak_ada_data
893,Kelapa Lima,Kota Kupang,NUSA TENGGARA TIMUR,,,,,tidak_ada_data
894,Lasiana,Kota Kupang,NUSA TENGGARA TIMUR,,,,,tidak_ada_data
895,Oesapa,Kota Kupang,NUSA TENGGARA TIMUR,,,,,tidak_ada_data
896,Tablolong,Kupang,NUSA TENGGARA TIMUR,,,,,tidak_ada_data
897,Tanah Merah,Kupang,NUSA TENGGARA TIMUR,,,,,tidak_ada_data
898,Pariti,Kupang,NUSA TENGGARA TIMUR,,,,,tidak_ada_data
899,Hadakewa,Lembata,NUSA TENGGARA TIMUR,,,,,tidak_ada_data
900,Babokerong,Lembata,NUSA TENGGARA TIMUR,,,,,tidak_ada_data
901,Lewoleba Tengah,Lembata,NUSA TENGGARA TIMUR,,,,,tidak_ada_data
902,Wailolong,Lembata,NUSA TENGGARA TIMUR,,,,,tidak_ada_data
903,Pantai Harapan,Lembata,NUSA TENGGARA TIMUR,,,,,tidak_ada_data
904,Umatoos,Malaka,NUSA TENGGARA TIMUR,,,,,tidak_ada_data
905,Kletek,Malaka,NUSA TENGGARA TIMUR,,,,,tidak_ada_data
906,Weoe,Malaka,NUSA TENGGARA TIMUR,,,,,tidak_ada_data
907,Reo,Manggarai,NUSA TENGGARA TIMUR,,,,,tidak_ada_data
908,Batu Tiga,Manggarai Barat,NUSA TENGGARA TIMUR,,,,,tidak_ada_data
909,Golo Sepang,Manggarai Barat,NUSA TENGGARA TIMUR,,,,,tidak_ada_data
910,Pontianak,Manggarai Barat,NUSA TENGGARA TIMUR,,,,,tidak_ada_data
911,Tanjung Boleng,Manggarai Barat,NUSA TENGGARA TIMUR,,,,,tidak_ada_data
912,Komodo,Manggarai Barat,NUSA TENGGARA TIMUR,,,,,tidak_ada_data
913,Labuan Bajo,Manggarai Barat,NUSA TENGGARA TIMUR,,,,,tidak_ada_data
914,Papa Garang,Manggarai Barat,NUSA TENGGARA TIMUR,,,,,tidak_ada_data
915,Pasir Panjang,Manggarai Barat,NUSA TENGGARA TIMUR,,,,,tidak_ada_data
916,Pasir Putih,Manggarai Barat,NUSA TENGGARA TIMUR,,,,,tidak_ada_data
917,Seraya Marannu,Manggarai Barat,NUSA TENGGARA TIMUR,,,,,tidak_ada_data
918,Warloka,Manggarai Barat,NUSA TENGGARA TIMUR,,,,,tidak_ada_data
919,Nanga Lili,Manggarai Barat,NUSA TENGGARA TIMUR,,,,,tidak_ada_data
920,Kota Ndora,Manggarai Timur,NUSA TENGGARA TIMUR,,,,,tidak_ada_data
921,Rana Loba,Manggarai Timur,NUSA TENGGARA TIMUR,,,,,tidak_ada_data
922,Satar Kampas,Manggarai Timur,NUSA TENGGARA TIMUR,,,,,tidak_ada_data
923,Pota,Manggarai Timur,NUSA TENGGARA TIMUR,,,,,tidak_ada_data
924,Nangadhero,Nagekeo,NUSA TENGGARA TIMUR,,,,,tidak_ada_data
925,Waebela,Ngada,NUSA TENGGARA TIMUR,,,,,tidak_ada_data
926,Oelua,Rote Ndao,NUSA TENGGARA TIMUR,,,,,tidak_ada_data
927,Metina,Rote Ndao,NUSA TENGGARA TIMUR,,,,,tidak_ada_data
928,Namodale,Rote Ndao,NUSA TENGGARA TIMUR,,,,,tidak_ada_data
929,Ndaonuse,Rote Ndao,NUSA TENGGARA TIMUR,,,,,tidak_ada_data
930,Oenggae,Rote Ndao,NUSA TENGGARA TIMUR,,,,,tidak_ada_data
931,Batutua,Rote Ndao,NUSA TENGGARA TIMUR,,,,,tidak_ada_data
932,Dolasi,Rote Ndao,NUSA TENGGARA TIMUR,,,,,tidak_ada_data
933,Landu,Rote Ndao,NUSA TENGGARA TIMUR,,,,,tidak_ada_data
934,Oelasin,Rote Ndao,NUSA TENGGARA TIMUR,,,,,tidak_ada_data
935,Oeseli,Rote Ndao,NUSA TENGGARA TIMUR,,,,,tidak_ada_data
936,Boni,Rote Ndao,NUSA TENGGARA TIMUR,,,,,tidak_ada_data
937,Daudolu,Rote Ndao,NUSA TENGGARA TIMUR,,,,,tidak_ada_data
938,Netenaen,Rote Ndao,NUSA TENGGARA TIMUR,,,,,tidak_ada_data
939,Londalusi,Rote Ndao,NUSA TENGGARA TIMUR,,,,,tidak_ada_data
940,Papela,Rote Ndao,NUSA TENGGARA TIMUR,,,,,tidak_ada_data
941,Raedewa,Sabu Raijua,NUSA TENGGARA TIMUR,,,,,tidak_ada_data
942,Raemadia,Sabu Raijua,NUSA TENGGARA TIMUR,,,,,tidak_ada_data
943,Halapadji,Sabu Raijua,NUSA TENGGARA TIMUR,,,,,tidak_ada_data
944,Pemana,Sikka,NUSA TENGGARA TIMUR,,,,,tidak_ada_data
945,Wolomarang,Sikka,NUSA TENGGARA TIMUR,,,,,tidak_ada_data
946,Wuring,Sikka,NUSA TENGGARA TIMUR,,,,,tidak_ada_data
947,Koja Doi,Sikka,NUSA TENGGARA TIMUR,,,,,tidak_ada_data
948,Kojagete,Sikka,NUSA TENGGARA TIMUR,,,,,tidak_ada_data
949,Parumaan,Sikka,NUSA TENGGARA TIMUR,,,,,tidak_ada_data
950,Mbengu,Sikka,NUSA TENGGARA TIMUR,,,,,tidak_ada_data
951,Darat Pantai,Sikka,NUSA TENGGARA TIMUR,,,,,tidak_ada_data
952,Nangahale,Sikka,NUSA TENGGARA TIMUR,,,,,tidak_ada_data
953,Rua,Sumba Barat,NUSA TENGGARA TIMUR,,,,,tidak_ada_data
954,Pero Konda,Sumba Barat Daya,NUSA TENGGARA TIMUR,,,,,tidak_ada_data
955,Panenggo Ede,Sumba Barat Daya,NUSA TENGGARA TIMUR,,,,,tidak_ada_data
956,Rada Mata,Sumba Barat Daya,NUSA TENGGARA TIMUR,,,,,tidak_ada_data
957,Lete Konda,Sumba Barat Daya,NUSA TENGGARA TIMUR,,,,,tidak_ada_data
958,Wendewa Utara,Sumba Tengah,NUSA TENGGARA TIMUR,,,,,tidak_ada_data
959,Ngadu Bolu,Sumba Tengah,NUSA TENGGARA TIMUR,,,,,tidak_ada_data
960,Kambaniru,Sumba Timur,NUSA TENGGARA TIMUR,,,,,tidak_ada_data
961,Prailiu,Sumba Timur,NUSA TENGGARA TIMUR,,,,,tidak_ada_data
962,Hambapraing,Sumba Timur,NUSA TENGGARA TIMUR,,,,,tidak_ada_data
963,Kuta,Sumba Timur,NUSA TENGGARA TIMUR,,,,,tidak_ada_data
964,Temu,Sumba Timur,NUSA TENGGARA TIMUR,,,,,tidak_ada_data
965,Prai Salura,Sumba Timur,NUSA TENGGARA TIMUR,,,,,tidak_ada_data
966,Hambala,Sumba Timur,NUSA TENGGARA TIMUR,,,,,tidak_ada_data
967,Kadumbul,Sumba Timur,NUSA TENGGARA TIMUR,,,,,tidak_ada_data
968,Kawangu,Sumba Timur,NUSA TENGGARA TIMUR,,,,,tidak_ada_data
969,Palaka Hembi,Sumba Timur,NUSA TENGGARA TIMUR,,,,,tidak_ada_data
970,Kayuri,Sumba Timur,NUSA TENGGARA TIMUR,,,,,tidak_ada_data
971,Tarimbang,Sumba Timur,NUSA TENGGARA TIMUR,,,,,tidak_ada_data
972,Patawang,Sumba Timur,NUSA TENGGARA TIMUR,,,,,tidak_ada_data
973,Lumbu Manggit,Sumba Timur,NUSA TENGGARA TIMUR,,,,,tidak_ada_data
974,Oetuke,Timor Tengah Selatan,NUSA TENGGARA TIMUR,,,,,tidak_ada_data
975,Hoibeti,Timor Tengah Selatan,NUSA TENGGARA TIMUR,,,,,tidak_ada_data
976,Kualin,Timor Tengah Selatan,NUSA TENGGARA TIMUR,,,,,tidak_ada_data
977,Humusu C,Timor Tengah Utara,NUSA TENGGARA TIMUR,,,,,tidak_ada_data
978,Muntai,Bengkalis,RIAU,,,,,tidak_ada_data
979,Kuala Alam,Bengkalis,RIAU,,,,,tidak_ada_data
980,Prapat Tunggal,Bengkalis,RIAU,,,,,tidak_ada_data
981,Panglima Raja,Indragiri Hilir,RIAU,,,,,tidak_ada_data
982,Kuala Selat,Indragiri Hilir,RIAU,,,,,tidak_ada_data
983,Sungai Buluh,Indragiri Hilir,RIAU,,,,,tidak_ada_data
984,Batang Tumu,Indragiri Hilir,RIAU,,,,,tidak_ada_data
985,Bekawan,Indragiri Hilir,RIAU,,,,,tidak_ada_data
986,Belaras,Indragiri Hilir,RIAU,,,,,tidak_ada_data
987,Kuala Patah Parang,Indragiri Hilir,RIAU,,,,,tidak_ada_data
988,Tanjung Pasir,Indragiri Hilir,RIAU,,,,,tidak_ada_data
989,Pulau,Indragiri Hulu,RIAU,,,,,tidak_ada_data
990,Mekar Sari,Kepulauan Meranti,RIAU,,,,,tidak_ada_data
991,Centai,Kepulauan Meranti,RIAU,,,,,tidak_ada_data
992,Mayang Sari,Kepulauan Meranti,RIAU,,,,,tidak_ada_data
993,Sialang Pasung,Kepulauan Meranti,RIAU,,,,,tidak_ada_data
994,Kedabu Rapat,Kepulauan Meranti,RIAU,,,,,tidak_ada_data
995,Tanah Merah,Kepulauan Meranti,RIAU,,,,,tidak_ada_data
996,Tanjung Kedabu,Kepulauan Meranti,RIAU,,,,,tidak_ada_data
997,Kepau Baru,Kepulauan Meranti,RIAU,,,,,tidak_ada_data
998,Sungai Geniot,Kota Dumai,RIAU,,,,,tidak_ada_data
999,Tebing Tinggi Okura,Kota Pekanbaru,RIAU,,,,,tidak_ada_data
1000,Teluk,Pelalawan,RIAU,,,,,tidak_ada_data
1001,Bagan Hulu,Rokan Hilir,RIAU,,,,,tidak_ada_data
1002,Bagan Punak Pesisir,Rokan Hilir,RIAU,,,,,tidak_ada_data
1003,Panipahan Darat,Rokan Hilir,RIAU,,,,,tidak_ada_data
1004,Teluk Pulai,Rokan Hilir,RIAU,,,,,tidak_ada_data
1005,Sinaboi,Rokan Hilir,RIAU,,,,,tidak_ada_data
1006,Sungai Bakau,Rokan Hilir,RIAU,,,,,tidak_ada_data
1007,Mekkata Selatan,Majene,SULAWESI BARAT,,,,,tidak_ada_data
1008,Belang-Belang,Mamuju,SULAWESI BARAT,,,,,tidak_ada_data
1009,Kabuloang,Mamuju,SULAWESI BARAT,,,,,tidak_ada_data
1010,Karampuang,Mamuju,SULAWESI BARAT,,,,,tidak_ada_data
1011,Bonda,Mamuju,SULAWESI BARAT,,,,,tidak_ada_data
1012,Kambunong,Mamuju Tengah,SULAWESI BARAT,,,,,tidak_ada_data
1013,Tasokko,Mamuju Tengah,SULAWESI BARAT,,,,,tidak_ada_data
1014,Pangale,Mamuju Tengah,SULAWESI BARAT,,,,,tidak_ada_data
1015,Lamalaka,Bantaeng,SULAWESI SELATAN,,,,,tidak_ada_data
1016,Bonto Jai,Bantaeng,SULAWESI SELATAN,,,,,tidak_ada_data
1017,Lonrae,Bone,SULAWESI SELATAN,,,,,tidak_ada_data
1018,Lamuru,Bone,SULAWESI SELATAN,,,,,tidak_ada_data
1019,Bulu-Bulu,Bone,SULAWESI SELATAN,,,,,tidak_ada_data
1020,Darubiah,Bulukumba,SULAWESI SELATAN,,,,,tidak_ada_data
1021,Tanah Jaya,Bulukumba,SULAWESI SELATAN,,,,,tidak_ada_data
1022,Bontorannu,Jeneponto,SULAWESI SELATAN,,,,,tidak_ada_data
1023,Pantai Bahari,Jeneponto,SULAWESI SELATAN,,,,,tidak_ada_data
1024,Punagaya,Jeneponto,SULAWESI SELATAN,,,,,tidak_ada_data
1025,Pabiringa,Jeneponto,SULAWESI SELATAN,,,,,tidak_ada_data
1026,Bontosunggu,Kepulauan Selayar,SULAWESI SELATAN,,,,,tidak_ada_data
1027,Lowa,Kepulauan Selayar,SULAWESI SELATAN,,,,,tidak_ada_data
1028,Buki,Kepulauan Selayar,SULAWESI SELATAN,,,,,tidak_ada_data
1029,Rajuni,Kepulauan Selayar,SULAWESI SELATAN,,,,,tidak_ada_data
1030,Songka,Kota Palopo,SULAWESI SELATAN,,,,,tidak_ada_data
1031,Takkalala,Kota Palopo,SULAWESI SELATAN,,,,,tidak_ada_data
1032,Belopa,Luwu,SULAWESI SELATAN,,,,,tidak_ada_data
1033,Seppong,Luwu,SULAWESI SELATAN,,,,,tidak_ada_data
1034,Rantebelu,Luwu,SULAWESI SELATAN,,,,,tidak_ada_data
1035,Babang,Luwu,SULAWESI SELATAN,,,,,tidak_ada_data
1036,Tirowali,Luwu,SULAWESI SELATAN,,,,,tidak_ada_data
1037,Bassiang Timur,Luwu,SULAWESI SELATAN,,,,,tidak_ada_data
1038,To'Bia,Luwu,SULAWESI SELATAN,,,,,tidak_ada_data
1039,Cimpu,Luwu,SULAWESI SELATAN,,,,,tidak_ada_data
1040,Burau Pantai,Luwu Timur,SULAWESI SELATAN,,,,,tidak_ada_data
1041,Lakawali Pantai,Luwu Timur,SULAWESI SELATAN,,,,,tidak_ada_data
1042,Wewangriu,Luwu Timur,SULAWESI SELATAN,,,,,tidak_ada_data
1043,Bahari,Luwu Timur,SULAWESI SELATAN,,,,,tidak_ada_data
1044,Bawalipu,Luwu Timur,SULAWESI SELATAN,,,,,tidak_ada_data
1045,Ladongi,Luwu Utara,SULAWESI SELATAN,,,,,tidak_ada_data
1046,Salekoe,Luwu Utara,SULAWESI SELATAN,,,,,tidak_ada_data
1047,Tokke,Luwu Utara,SULAWESI SELATAN,,,,,tidak_ada_data
1048,Munte,Luwu Utara,SULAWESI SELATAN,,,,,tidak_ada_data
1049,Pajukukang,Maros,SULAWESI SELATAN,,,,,tidak_ada_data
1050,Borimasunggu,Maros,SULAWESI SELATAN,,,,,tidak_ada_data
1051,Bulu Cindea,Pangkajene dan Kepulauan,SULAWESI SELATAN,,,,,tidak_ada_data
1052,Mattiro Dolangeng,Pangkajene dan Kepulauan,SULAWESI SELATAN,,,,,tidak_ada_data
1053,Mattiro Bombang,Pangkajene dan Kepulauan,SULAWESI SELATAN,,,,,tidak_ada_data
1054,Mattiro Labangeng,Pangkajene dan Kepulauan,SULAWESI SELATAN,,,,,tidak_ada_data
1055,Lumpue,Kota Parepare,SULAWESI SELATAN,,,,,tidak_ada_data
1056,Watang Soreang,Kota Parepare,SULAWESI SELATAN,,,,,tidak_ada_data
1057,Binanga Karaeng,Pinrang,SULAWESI SELATAN,,,,,tidak_ada_data
1058,Langnga,Pinrang,SULAWESI SELATAN,,,,,tidak_ada_data
1059,Pallameang,Pinrang,SULAWESI SELATAN,,,,,tidak_ada_data
1060,Pulau Harapan,Sinjai,SULAWESI SELATAN,,,,,tidak_ada_data
1061,Sanjai,Sinjai,SULAWESI SELATAN,,,,,tidak_ada_data
1062,Boddia,Takalar,SULAWESI SELATAN,,,,,tidak_ada_data
1063,Galesong Kota,Takalar,SULAWESI SELATAN,,,,,tidak_ada_data
1064,Kaluku Bodo,Takalar,SULAWESI SELATAN,,,,,tidak_ada_data
1065,Aeng Batu-Batu,Takalar,SULAWESI SELATAN,,,,,tidak_ada_data
1066,Bontosunggu,Takalar,SULAWESI SELATAN,,,,,tidak_ada_data
1067,Topejawa,Takalar,SULAWESI SELATAN,,,,,tidak_ada_data
1068,Pattangngae,Wajo,SULAWESI SELATAN,,,,,tidak_ada_data
1069,Bulette,Wajo,SULAWESI SELATAN,,,,,tidak_ada_data
1070,Akkajeng,Wajo,SULAWESI SELATAN,,,,,tidak_ada_data
1071,Moilong,Banggai,SULAWESI TENGAH,,,,,tidak_ada_data
1072,Rata,Banggai,SULAWESI TENGAH,,,,,tidak_ada_data
1073,Balalon,Banggai Kepulauan,SULAWESI TENGAH,,,,,tidak_ada_data
1074,Mamulusan,Banggai Kepulauan,SULAWESI TENGAH,,,,,tidak_ada_data
1075,Mandel,Banggai Laut,SULAWESI TENGAH,,,,,tidak_ada_data
1076,Toropot,Banggai Laut,SULAWESI TENGAH,,,,,tidak_ada_data
1077,Buol,Buol,SULAWESI TENGAH,,,,,tidak_ada_data
1078,Tamit,Buol,SULAWESI TENGAH,,,,,tidak_ada_data
1079,Taat,Buol,SULAWESI TENGAH,,,,,tidak_ada_data
1080,Kwala Besar,Buol,SULAWESI TENGAH,,,,,tidak_ada_data
1081,Boneoge,Donggala,SULAWESI TENGAH,,,,,tidak_ada_data
1082,Boyantongo,Parigi Moutong,SULAWESI TENGAH,,,,,tidak_ada_data
1083,Pelawa Baru,Parigi Moutong,SULAWESI TENGAH,,,,,tidak_ada_data
1084,Dusunan,Parigi Moutong,SULAWESI TENGAH,,,,,tidak_ada_data
1085,Tete B,Tojo Una-Una,SULAWESI TENGAH,,,,,tidak_ada_data
1086,Podi,Tojo Una-Una,SULAWESI TENGAH,,,,,tidak_ada_data
1087,Kavetan,Tojo Una-Una,SULAWESI TENGAH,,,,,tidak_ada_data
1088,Laulalang,Tolitoli,SULAWESI TENGAH,,,,,tidak_ada_data
1089,Nalu,Tolitoli,SULAWESI TENGAH,,,,,tidak_ada_data
1090,Lakolog,Kota Bau Bau,SULAWESI TENGGARA,,,,,tidak_ada_data
1091,Tapuahi,Bombana,SULAWESI TENGGARA,,,,,tidak_ada_data
1092,Lasalimu,Buton,SULAWESI TENGGARA,,,,,tidak_ada_data
1093,Manuru,Buton,SULAWESI TENGGARA,,,,,tidak_ada_data
1094,Bahari,Buton Selatan,SULAWESI TENGGARA,,,,,tidak_ada_data
1095,Bahari Dua,Buton Selatan,SULAWESI TENGGARA,,,,,tidak_ada_data
1096,Lamaninggara,Buton Selatan,SULAWESI TENGGARA,,,,,tidak_ada_data
1097,Terapung,Buton Tengah,SULAWESI TENGGARA,,,,,tidak_ada_data
1098,Langere,Buton Utara,SULAWESI TENGGARA,,,,,tidak_ada_data
1099,Laanosangia,Buton Utara,SULAWESI TENGGARA,,,,,tidak_ada_data
1100,Pudai,Kota Kendari,SULAWESI TENGGARA,,,,,tidak_ada_data
1101,Sambuli,Kota Kendari,SULAWESI TENGGARA,,,,,tidak_ada_data
1102,Tondonggeu,Kota Kendari,SULAWESI TENGGARA,,,,,tidak_ada_data
1103,Tambea,Kolaka,SULAWESI TENGGARA,,,,,tidak_ada_data
1104,Sipakainge,Kolaka Utara,SULAWESI TENGGARA,,,,,tidak_ada_data
1105,Lawadia,Kolaka Utara,SULAWESI TENGGARA,,,,,tidak_ada_data
1106,Ulu Lalimbue,Konawe,SULAWESI TENGGARA,,,,,tidak_ada_data
1107,Torobulu,Konawe Selatan,SULAWESI TENGGARA,,,,,tidak_ada_data
1108,Lakara,Konawe Selatan,SULAWESI TENGGARA,,,,,tidak_ada_data
1109,Torokeku,Konawe Selatan,SULAWESI TENGGARA,,,,,tidak_ada_data
1110,Muara Tinobu,Konawe Utara,SULAWESI TENGGARA,,,,,tidak_ada_data
1111,Pasir Putih,Konawe Utara,SULAWESI TENGGARA,,,,,tidak_ada_data
1112,Tanjung Laimeo,Konawe Utara,SULAWESI TENGGARA,,,,,tidak_ada_data
1113,Ulu Sawa,Konawe Utara,SULAWESI TENGGARA,,,,,tidak_ada_data
1114,Tanjung Bunga,Konawe Utara,SULAWESI TENGGARA,,,,,tidak_ada_data
1115,Pola,Muna,SULAWESI TENGGARA,,,,,tidak_ada_data
1116,Bontu-Bontu,Muna,SULAWESI TENGGARA,,,,,tidak_ada_data
1117,Wangkolabu,Muna,SULAWESI TENGGARA,,,,,tidak_ada_data
1118,Tanjung Pinang,Muna Barat,SULAWESI TENGGARA,,,,,tidak_ada_data
1119,Bangko,Muna Barat,SULAWESI TENGGARA,,,,,tidak_ada_data
1120,Latawe,Muna Barat,SULAWESI TENGGARA,,,,,tidak_ada_data
1121,Waukuni,Muna Barat,SULAWESI TENGGARA,,,,,tidak_ada_data
1122,Katela,Muna Barat,SULAWESI TENGGARA,,,,,tidak_ada_data
1123,Makoro,Wakatobi,SULAWESI TENGGARA,,,,,tidak_ada_data
1124,Palahidu Barat,Wakatobi,SULAWESI TENGGARA,,,,,tidak_ada_data
1125,Horuo,Wakatobi,SULAWESI TENGGARA,,,,,tidak_ada_data
1126,Mantigola Makmur,Wakatobi,SULAWESI TENGGARA,,,,,tidak_ada_data
1127,Lamanggau,Wakatobi,SULAWESI TENGGARA,,,,,tidak_ada_data
1128,Patuno,Wakatobi,SULAWESI TENGGARA,,,,,tidak_ada_data
1129,Mola Bahari,Wakatobi,SULAWESI TENGGARA,,,,,tidak_ada_data
1130,Mola Utara,Wakatobi,SULAWESI TENGGARA,,,,,tidak_ada_data
1131,Numana,Wakatobi,SULAWESI TENGGARA,,,,,tidak_ada_data
1132,Tandurusa,Kota Bitung,SULAWESI UTARA,,,,,tidak_ada_data
1133,Batu Putih,Kota Bitung,SULAWESI UTARA,,,,,tidak_ada_data
1134,Batu Putih Atas,Kota Bitung,SULAWESI UTARA,,,,,tidak_ada_data
1135,Inobonto Ii,Bolaang Mongondow,SULAWESI UTARA,,,,,tidak_ada_data
1136,Sauk,Bolaang Mongondow,SULAWESI UTARA,,,,,tidak_ada_data
1137,Dudepo,Bolaang Mongondow Selatan,SULAWESI UTARA,,,,,tidak_ada_data
1138,Pinolantungan,Bolaang Mongondow Selatan,SULAWESI UTARA,,,,,tidak_ada_data
1139,Tabilaa,Bolaang Mongondow Selatan,SULAWESI UTARA,,,,,tidak_ada_data
1140,Deaga,Bolaang Mongondow Selatan,SULAWESI UTARA,,,,,tidak_ada_data
1141,Meyambangan Timur,Bolaang Mongondow Selatan,SULAWESI UTARA,,,,,tidak_ada_data
1142,Botuliodu,Bolaang Mongondow Selatan,SULAWESI UTARA,,,,,tidak_ada_data
1143,Jiko,Bolaang Mongondow Timur,SULAWESI UTARA,,,,,tidak_ada_data
1144,Matabulu Timur,Bolaang Mongondow Timur,SULAWESI UTARA,,,,,tidak_ada_data
1145,Tanjung Sidupa,Bolaang Mongondow Utara,SULAWESI UTARA,,,,,tidak_ada_data
1146,Tombulang Pantai,Bolaang Mongondow Utara,SULAWESI UTARA,,,,,tidak_ada_data
1147,Santiago,Kepulauan Sangihe,SULAWESI UTARA,,,,,tidak_ada_data
1148,Awit Selatan,Kepulauan Talaud,SULAWESI UTARA,,,,,tidak_ada_data
1149,Bowombaru,Kepulauan Talaud,SULAWESI UTARA,,,,,tidak_ada_data
1150,Bitunuris Selatan,Kepulauan Talaud,SULAWESI UTARA,,,,,tidak_ada_data
1151,Tongkeina,Kota Manado,SULAWESI UTARA,,,,,tidak_ada_data
1152,Watulaney,Minahasa,SULAWESI UTARA,,,,,tidak_ada_data
1153,Lopana Satu,Minahasa Selatan,SULAWESI UTARA,,,,,tidak_ada_data
1154,Ranomea,Minahasa Selatan,SULAWESI UTARA,,,,,tidak_ada_data
1155,Matani Satu,Minahasa Selatan,SULAWESI UTARA,,,,,tidak_ada_data
1156,Molompar Timur,Minahasa Tenggara,SULAWESI UTARA,,,,,tidak_ada_data
1157,Bentenan Satu,Minahasa Tenggara,SULAWESI UTARA,,,,,tidak_ada_data
1158,Kema III,Minahasa Utara,SULAWESI UTARA,,,,,tidak_ada_data
1159,Bulutui,Minahasa Utara,SULAWESI UTARA,,,,,tidak_ada_data
1160,Gangga Dua,Minahasa Utara,SULAWESI UTARA,,,,,tidak_ada_data
1161,Kahuku,Minahasa Utara,SULAWESI UTARA,,,,,tidak_ada_data
1162,Likupang Kampung Ambong,Minahasa Utara,SULAWESI UTARA,,,,,tidak_ada_data
1163,Minaesa,Minahasa Utara,SULAWESI UTARA,,,,,tidak_ada_data
1164,Buhias,Kepulauan Siau Tagulandang Biaro,SULAWESI UTARA,,,,,tidak_ada_data
1165,Tiku Selatan,Agam,SUMATERA BARAT,,,,,tidak_ada_data
1166,Teluk Kabung Selatan,Kota Padang,SUMATERA BARAT,,,,,tidak_ada_data
1167,Batang Arau,Kota Padang,SUMATERA BARAT,,,,,tidak_ada_data
1168,Koto Tinggi Kuranji Hilir,Padang Pariaman,SUMATERA BARAT,,,,,tidak_ada_data
1169,Pilubang,Padang Pariaman,SUMATERA BARAT,,,,,tidak_ada_data
1170,Seulayat Ulakan,Padang Pariaman,SUMATERA BARAT,,,,,tidak_ada_data
1171,Tapakih,Padang Pariaman,SUMATERA BARAT,,,,,tidak_ada_data
1172,Pauh Barat,Kota Pariaman,SUMATERA BARAT,,,,,tidak_ada_data
1173,Ampalu,Kota Pariaman,SUMATERA BARAT,,,,,tidak_ada_data
1174,Maligi,Pasaman Barat,SUMATERA BARAT,,,,,tidak_ada_data
1175,Ranah Pasisie,Pasaman Barat,SUMATERA BARAT,,,,,tidak_ada_data
1176,Sasak,Pasaman Barat,SUMATERA BARAT,,,,,tidak_ada_data
1177,Aia Bangih,Pasaman Barat,SUMATERA BARAT,,,,,tidak_ada_data
1178,Koto Nan Duo Iv Koto Hilie,Pesisir Selatan,SUMATERA BARAT,,,,,tidak_ada_data
1179,Air Haji Barat,Pesisir Selatan,SUMATERA BARAT,,,,,tidak_ada_data
1180,Sungai Batang,Ogan Komering Ilir,SUMATERA SELATAN,,,,,tidak_ada_data
1181,Kuala Sungai Pasir,Ogan Komering Ilir,SUMATERA SELATAN,,,,,tidak_ada_data
1182,Pantai Harapan,Ogan Komering Ilir,SUMATERA SELATAN,,,,,tidak_ada_data
1183,Sungai Lumpur,Ogan Komering Ilir,SUMATERA SELATAN,,,,,tidak_ada_data
1184,Sei Kepayang,Asahan,SUMATERA UTARA,,,,,tidak_ada_data
1185,Bagan Asahan Baru,Asahan,SUMATERA UTARA,,,,,tidak_ada_data
1186,Bagan Asahan Pekan,Asahan,SUMATERA UTARA,,,,,tidak_ada_data
1187,Bandar Rahmat,Batu Bara,SUMATERA UTARA,,,,,tidak_ada_data
1188,Paluh Sibaji,Serdang Bedagai,SUMATERA UTARA,,,,,tidak_ada_data
1189,Humene,Kota Gunungsitoli,SUMATERA UTARA,,,,,tidak_ada_data
1190,Afia,Kota Gunungsitoli,SUMATERA UTARA,,,,,tidak_ada_data
1191,Nelayan Indah,Kota Medan,SUMATERA UTARA,,,,,tidak_ada_data
1192,Pulau Sembilan,Langkat,SUMATERA UTARA,,,,,tidak_ada_data
1193,Jaring Halus,Langkat,SUMATERA UTARA,,,,,tidak_ada_data
1194,Pantai Gading,Langkat,SUMATERA UTARA,,,,,tidak_ada_data
1195,Secanggang,Langkat,SUMATERA UTARA,,,,,tidak_ada_data
1196,Pasar Baru Batahan,Tapanuli Selatan,SUMATERA UTARA,,,,,tidak_ada_data
1197,Batu Mundom,Tapanuli Selatan,SUMATERA UTARA,,,,,tidak_ada_data
1198,Bozihona,Nias,SUMATERA UTARA,,,,,tidak_ada_data
1199,Onolimbu Raya,Nias,SUMATERA UTARA,,,,,tidak_ada_data
1200,Siwalubanua,Nias,SUMATERA UTARA,,,,,tidak_ada_data
1201,Saeru Melayu,Nias,SUMATERA UTARA,,,,,tidak_ada_data
1202,Faekhuna'A,Nias,SUMATERA UTARA,,,,,tidak_ada_data
1203,Pasar Lahewa,Nias,SUMATERA UTARA,,,,,tidak_ada_data
1204,Sihene'Asi,Nias,SUMATERA UTARA,,,,,tidak_ada_data
1205,Lasara Sawo,Nias,SUMATERA UTARA,,,,,tidak_ada_data
1206,Banua Gea,Nias,SUMATERA UTARA,,,,,tidak_ada_data
1207,Aek Habil,Kota Sibolga,SUMATERA UTARA,,,,,tidak_ada_data
1208,Selat Tanjung Medan,Kota Tanjung Balai,SUMATERA UTARA,,,,,tidak_ada_data
1209,Pasar Sorkam,Tapanuli Tengah,SUMATERA UTARA,,,,,tidak_ada_data
1210,Patas,Buleleng,BALI,,,,,tidak_ada_data
1211,Darmasari,Lebak,BANTEN,,,,,tidak_ada_data
1212,Bayah Barat,Lebak,BANTEN,,,,,tidak_ada_data
1213,Lontar,Tangerang,BANTEN,,,,,tidak_ada_data
1214,Tanjung Anom,Tangerang,BANTEN,,,,,tidak_ada_data
1215,Panggang,Kabupaten Kepulauan Seribu,DKI JAKARTA,,,,,tidak_ada_data
1216,Tabulo Selatan,Boalemo,GORONTALO,,,,,tidak_ada_data
1217,Bangga,Boalemo,GORONTALO,,,,,tidak_ada_data
1218,Wonggarasi Timur,Pohuwato,GORONTALO,,,,,tidak_ada_data
1219,Mopuya,Bone Bolango,GORONTALO,,,,,tidak_ada_data
1220,Kasia,Gorontalo Utara,GORONTALO,,,,,tidak_ada_data
1221,Bugis,Kota Samarinda,KALIMANTAN TIMUR,,,,,tidak_ada_data
1222,Bontang Lestari,Kota Bontang,KALIMANTAN TIMUR,,,,,tidak_ada_data
1223,Bumi Waras,Kota Bandar Lampung,LAMPUNG,,,,,tidak_ada_data
